form	lemma	POS	morph
		
༄༅། །		PUNCT
རྒྱལ་བ་	རྒྱལ་བ་	NOUN
འབྲི་	འབྲི་	VERB
ཁུང་པ་	ཁུང་པ་	NOUN
ཁུ་དབོན་	ཁུ་དབོན་	PROPN
གསུམ་	གསུམ་	NUM
གྱི་	གི་	PART
རྣམ་པ་	རྣམ་པ་	NOUN
ར་	ལ་	PART
ཐར་པ་	ཐར་པ་	VERB
བཞུགས་	བཞུགས་	VERB
སོ་	གོ་	PART
"། །

༄༅། །"		PUNCT
འགྲན་	འགྲན་	NO_POS
གྱི་	གི་	PART
ཟླ་	ཟླ་	NOUN
ཐམས་ཅད་	ཐམས་ཅད་	DET
དང་	དང་	NO_POS
བྲལ་བ་	བྲལ་བ་	VERB
མཉམ་མེད་	མཉམ་མེད་	ADJ
དྭགས་པོ་	དྭགས་པོ་	OTHER
བཀའ་	བཀའ་	NOUN
བརྒྱུད་	བརྒྱུད་	NO_POS
ཀྱི་	གི་	PART
སྤྲུལ་པ་	སྤྲུལ་པ་	VERB
འི་	གི་	PART
སྐྱེས་ཆེན་	སྐྱེས་ཆེན་	OTHER
ཇི་སྙེད་	ཇི་སྙེད་	OTHER
བྱོན་པ་	བྱོན་པ་	VERB
དེ་སྙེད་	དེ་སྙེད་	NO_POS
ཀྱི་	གི་	PART
ངོ་བོ་	ངོ་བོ་	NOUN
རྗེ་བཙུན་	རྗེ་བཙུན་	NOUN
སངས་རྒྱས་	སངས་རྒྱས་	NOUN
མཉན་པ་	མཉན་པ་	VERB
ལ་	ལ་	PART
ཕྱག་	ཕྱག་	NOUN
འཚལ་	འཚལ་	VERB
ཏེ་	སྟེ་	PART
།		PUNCT
རྒྱལ་བ་	རྒྱལ་བ་	NOUN
འབྲི་	འབྲི་	VERB
ཁུང་པ་	ཁུང་པ་	NOUN
འི་	གི་	PART
ཆེ་བ་	ཆེ་བ་	VERB
འི་	གི་	PART
ཡོན་ཏན་	ཡོན་ཏན་	NOUN
ཅུང་ཟད་	ཅུང་ཟད་	ADV
ཅིག་	ཅིག་	PART
བརྗོད་པ་	བརྗོད་པ་	VERB
ར་	ལ་	PART
བྱ་	བྱ་	VERB
འོ་	གོ་	PART
། །		PUNCT
དེ་ཡང་	དེ་ཡང་	ADV
འདི་ལྟར་	འདི་ལྟར་	NO_POS
ཐོ་	ཐོ་	VERB
ཏེ་	སྟེ་	PART
།		PUNCT
མགོན་པོ་	མགོན་པོ་	NOUN
འབྲི་	འབྲི་	VERB
ཁུང་པ་	ཁུང་པ་	NOUN
སྐྱོབ་པ་	སྐྱོབ་པ་	VERB
འཇིག་རྟེན་	འཇིག་རྟེན་	NOUN
གསུམ་	གསུམ་	NUM
གྱི་	གི་	PART
མགོན་པོ་	མགོན་པོ་	NOUN
འི་	གི་	PART
དགེ་སློང་	དགེ་སློང་	NOUN
རིན་ཆེན་	རིན་ཆེན་	OTHER
དཔལ་	དཔལ་	OTHER
ཞེ་	ཅེས་	PART
བྱ་བ་	བྱ་བ་	VERB
བོད་	བོད་	PROPN
ཆེན་པོ་	ཆེན་པོ་	ADJ
འི་	གི་	PART
ས་	ས་	ADP
ར་	ལ་	PART
སྐུ་	སྐུ་	NOUN
འཁྲུངས་	འཁྲུངས་	NO_POS
ན་	ནས་	PART
དབུ་	དབུ་	NOUN
གཙང་	གཙང་	PROPN
གི་	གི་	PART
ཡུལ་	ཡུལ་	NOUN
སངས་རྒྱས་	སངས་རྒྱས་	NOUN
ཀྱི་	གི་	PART
བསྟན་པ་	བསྟན་པ་	VERB
དྲི་བྲལ་	དྲི་བྲལ་	NO_POS
དུ་	ལ་	PART
བཞུགས་པ་	བཞུགས་པ་	VERB
འི་	གི་	PART
ཕྱོགས་	ཕྱོགས་	NOUN
སུ་	ལ་	PART
བྱང་ཆུབ་	བྱང་ཆུབ་	NOUN
ཀྱི་	གི་	PART
སྙིང་པོ་	སྙིང་པོ་	NOUN
འི་	གི་	PART
དངོས་པོ་	དངོས་པོ་	NOUN
ལེན་པ་	ལེན་པ་	VERB
འི་	གི་	PART
སླད་	སླད་	NOUN
དུ་	ལ་	PART
གཤེགས་	གཤེགས་	VERB
ཏེ་	སྟེ་	PART
།		PUNCT
དེ་ཡང་	དེ་ཡང་	ADV
ཡང་དག་པ་	ཡང་དག་པ་	ADJ
ར་	ལ་	PART
རྫོགས་པ་	རྫོགས་པ་	VERB
འི་	གི་	PART
སངས་རྒྱས་	སངས་རྒྱས་	NOUN
འཁོར་བ་	འཁོར་བ་	NOUN
འཇིག་	འཇིག་	VERB
གི་	གི་	PART
ངོ་བོ་	ངོ་བོ་	NOUN
དཔལ་	དཔལ་	OTHER
ཕག་མོ་	ཕག་མོ་	PROPN
གྲུ་པ་	གྲུ་པ་	PROPN
རྡོ་རྗེ་	རྡོ་རྗེ་	NOUN
རྒྱལ་པོ་	རྒྱལ་པོ་	NOUN
འི་	གི་	PART
ཞབས་	ཞབས་	NOUN
སྤྱི་བོ་	སྤྱི་བོ་	NOUN
འི་	གི་	PART
རྒྱན་	རྒྱན་	NOUN
དུ་	ལ་	PART
མཛད་	མཛད་	VERB
དེ་	སྟེ་	PART
།		PUNCT
དྲང་སྲོང་	དྲང་སྲོང་	NOUN
ཆེན་པོ་	ཆེན་པོ་	ADJ
འི་	གི་	PART
གོ་འཕང་	གོ་འཕང་	NOUN
མཐ་	མཐའ་	NOUN
ར་	ལ་	PART
ཕྱིན་པ་	ཕྱིན་པ་	VERB
འི་	གི་	PART
ཚུལ་	ཚུལ་	NOUN
ཞིང་	ཅིང་	PART
འདི་	འདི་	DET
ར་	ལ་	PART
སླར་ཡང་	སླར་ཡང་	OTHER
བསྟན་པ་	བསྟན་པ་	VERB
གང་	གང་	NO_POS
དྲི་མ་	དྲི་མ་	NOUN
མེད་པ་	མེད་པ་	VERB
འི་	གི་	PART
ཟླ་ཞལ་	ཟླ་ཞལ་	NO_POS
།		PUNCT
མཚན་	མཚན་	NOUN
དང་	དང་	NO_POS
དཔེ་བྱད་	དཔེ་བྱད་	NOUN
ཀྱི་	གི་	PART
མཆོག་	མཆོག་	ADJ
བསྒྲུན་	བསྒྲུན་	NO_POS
དུ་	ལ་	PART
མེད་པ་	མེད་པ་	VERB
ས་	གིས་	PART
ཉེ་བ་		
བརྒྱན་པ་	བརྒྱན་པ་	VERB
།		PUNCT
གསེར་	གསེར་	NOUN
གཙོ་	གཙོ་	NOUN
མ་	མ་	PART
འི་	གི་	PART
རང་བཞིན་	རང་བཞིན་	NOUN
བཟང་པོ་	བཟང་པོ་	ADJ
ཡང་	ཀྱང་	PART
མོག་པོ་	མོག་པོ་	NO_POS
ར་	ལ་	PART
བྱེད་པ་	བྱེད་པ་	VERB
འི་	གི་	PART
འོད་ཟེར་	འོད་ཟེར་	NOUN
ཅན་	ཅན་	PART
ཉོན་མོངས་པ་	ཉོན་མོངས་པ་	NOUN
དང་	དང་	NO_POS
ཤེས་བྱ་	ཤེས་བྱ་	VERB
འི་	གི་	PART
སྒྲིབ་པ་	སྒྲིབ་པ་	VERB
འི་	གི་	PART
རྡུལ་	རྡུལ་	NOUN
ཕྲ་མོ་	ཕྲ་མོ་	ADJ
ཙམ་	ཙམ་	DET
ཡང་	ཀྱང་	PART
འཛིན་པ་	འཛིན་པ་	VERB
མི་	མི་	PART
མངའ་བ་	མངའ་བ་	VERB
།		PUNCT
ས་	ས་	ADP
གསུམ་	གསུམ་	NUM
གྱི་	གི་	PART
བླ་མ་	བླ་མ་	NOUN
གཅིག་པུ་པ་	གཅིག་པུ་པ་	ADJ
།		PUNCT
མཉམ་པ་	མཉམ་པ་	VERB
མེད་པ་	མེད་པ་	VERB
འི་	གི་	PART
ཡེ་ཤེས་	ཡེ་ཤེས་	NOUN
ཀྱི་	གི་	PART
མཐུ་	མཐུ་	NOUN
ས་	གིས་	PART
ཆོ་	ཆོ་	NOUN
ཀྱི་	གི་	PART
འཁོར་ལོ་	འཁོར་ལོ་	NOUN
མཐའ་ཡས་པ་	མཐའ་ཡས་པ་	ADJ
འི་	གི་	PART
རྒྱལ་	རྒྱལ་	VERB
ཐབས་	ཐབས་	NOUN
རྨད་	རྨད་	VERB
དུ་	ལ་	PART
བྱུང་	བྱུང་	VERB
ཞིང་	ཅིང་	PART
རྗེས་སུ་	རྗེས་སུ་	OTHER
འབྲངས་པ་	འབྲངས་པ་	VERB
འི་	གི་	PART
རྒྱུད་	རྒྱུད་	NOUN
བྱང་ཆུབ་	བྱང་ཆུབ་	NOUN
སེམས་	སེམས་	NOUN
གཉིས་	གཉིས་	NUM
ཀྱིས་	གིས་	PART
འཇམ་པོ་	འཇམ་པོ་	ADJ
ར་	ལ་	PART
བརྟུལ་བ་	བརྟུལ་བ་	NO_POS
ས་	གིས་	PART
སྲིད་ཞི་	སྲིད་ཞི་	NOUN
འི་	གི་	PART
མཐའ་	མཐའ་	NOUN
གཉིས་	གཉིས་	NUM
ལ་	ལ་	PART
མི་ལྟུང་བ་	མི་ལྟུང་བ་	NO_POS
འི་	གི་	PART
གོམ་སྟབས་	གོམ་སྟབས་	OTHER
མཛེས་པ་	མཛེས་པ་	VERB
།		PUNCT
འཇིག་རྟེན་	འཇིག་རྟེན་	NOUN
དང་	དང་	NO_POS
འཇིག་རྟེན་	འཇིག་རྟེན་	NOUN
ལ་	ལ་	ADP
ས་	གིས་	PART
འདས་པ་	འདས་པ་	VERB
འི་	གི་	PART
ཕུན་ཚོགས་	ཕུན་ཚོགས་	ADJ
མ་ལུས་པ་	མ་ལུས་པ་	OTHER
ས་	གིས་	PART
སྣུམ་པོ་	སྣུམ་པོ་	NO_POS
ར་	ལ་	PART
བགྱིད་པ་	བགྱིད་པ་	VERB
ས་	གིས་	PART
ཕོངས་པ་	ཕོངས་པ་	VERB
ཀུན་	ཀུན་	DET
བཀྲེན་པ་	བཀྲེན་པ་	VERB
འི་	གི་	PART
ས་ལས་	ས་ལས་	NO_POS
འདའ་	འདའ་	VERB
ཏེ་	སྟེ་	PART
།		PUNCT
འབྱོར་པ་	འབྱོར་པ་	NOUN
མི་	མི་	PART
འཇིག་པ་	འཇིག་པ་	VERB
རབ་ཏུ་	རབ་ཏུ་	NO_POS
བརྟན་པ་	བརྟན་པ་	VERB
རི་རྒྱལ་	རི་རྒྱལ་	NO_POS
ལྟ་	ལྟ་	OTHER
འགོད་	འགོད་	NO_POS
ཅིང་	ཅིང་	PART
།		PUNCT
ཡོན་ཏན་	ཡོན་ཏན་	NOUN
གྱི་	གི་	PART
མཐའ་	མཐའ་	NOUN
གཏུགས་པ་	གཏུགས་པ་	VERB
མེད་པ་	མེད་པ་	VERB
ས་	གིས་	PART
སྐྱེས་བུ་	སྐྱེས་བུ་	NOUN
ཆེན་པོ་	ཆེན་པོ་	ADJ
ར་	ལ་	PART
གྱུར་པ་	གྱུར་པ་	VERB
གང་	གང་	NO_POS
གི་	གི་	PART
ཡང་	ཀྱང་	PART
རང་བཞིན་	རང་བཞིན་	NOUN
གྱིས་	གིས་	PART
ཚུལ་	ཚུལ་	NOUN
དཔོགས་པ་	དཔོགས་པ་	VERB
འི་	གི་	PART
ཚད་མ་	ཚད་མ་	NOUN
དང་	དང་	NO_POS
མི་	མི་	PART
ལྡན་པ་	ལྡན་པ་	VERB
།		PUNCT
མཐོང་བ་	མཐོང་བ་	VERB
ཙམ་	ཙམ་	DET
གྱིས་	གིས་	PART
ཟག་པ་	ཟག་པ་	VERB
དང་	དང་	NO_POS
བཅས་པ་	བཅས་པ་	VERB
འི་	གི་	PART
རྒྱུ་ལ་	རྒྱུ་ལ་	NO_POS
ས་	གིས་	PART
བྱུང་བ་	བྱུང་བ་	VERB
མ་ཡིན་པ་	མ་ཡིན་པ་	OTHER
ར་	ལ་	PART
གང་ཟག་	གང་ཟག་	NOUN
མཆོག་	མཆོག་	ADJ
དམན་	དམན་	VERB
ཐམས་ཅད་	ཐམས་ཅད་	DET
ཀྱི་	གི་	PART
ངོ་བོ་	ངོ་བོ་	NOUN
ཉིད་	ཉིད་	DET
ཀྱི་	གི་	PART
ཤེས་པ་	ཤེས་པ་	VERB
ཀུན་ད་	ཀུན་ད་	OTHER
འི་	གི་	PART
འདབ་མ་	འདབ་མ་	NOUN
ལྟ་	ལྟ་	OTHER
དཀ་	དཀའ་	VERB
ར་	ལ་	PART
ཞིང་	ཅིང་	PART
རྒྱས་པ་	རྒྱས་པ་	VERB
འི་	གི་	PART
སྨིན་མཚམས་	སྨིན་མཚམས་	NOUN
ཀྱི་	གི་	PART
དཔྲལ་	དཔྲལ་	NO_POS
དབྱེ་		
རབ་ཏུ་	རབ་ཏུ་	NO_POS
ཕྱེད་པ་	ཕྱེད་པ་	VERB
ལ་	ལ་	PART
བདུད་རྩི་	བདུད་རྩི་	NOUN
འི་	གི་	PART
ཟེ་	ཟེ་	VERB
འཕྲེང་	འཕྲེང་	NO_POS
ལྟ་	ལྟ་	OTHER
དཀར་བ་	དཀར་བ་	VERB
འི་	གི་	PART
མཛོད་	མཛོད་	NOUN
པུ་	པུ་	NO_POS
གཡའ་	གཡའ་	NOUN
སུ་	ལ་	PART
འཁྱིལ་བ་	འཁྱིལ་བ་	NO_POS
དང་	དང་	NO_POS
བཅས་པ་	བཅས་པ་	VERB
ས་	གིས་	PART
སྐྱེ་བོ་	སྐྱེ་བོ་	NOUN
ཀུན་	ཀུན་	DET
ལ་	ལ་	PART
མི་མཐུན་པ་	མི་མཐུན་པ་	NO_POS
མེད་པ་	མེད་པ་	VERB
འི་	གི་	PART
དགའ་བ་	དགའ་བ་	VERB
བསྐྱེད་པ་	བསྐྱེད་པ་	VERB
ར་	ལ་	PART
མཛད་པ་	མཛད་པ་	VERB
།		PUNCT
རི་	རི་	NOUN
མེད་པ་	མེད་པ་	VERB
འི་	གི་	PART
ཐུགས་རྗེ་	ཐུགས་རྗེ་	NOUN
ཆེན་པོ་	ཆེན་པོ་	ADJ
ས་	གིས་	PART
གཟིགས་པ་	གཟིགས་པ་	VERB
མི་	མི་	PART
གནས་པ་	གནས་པ་	VERB
འི་	གི་	PART
ཞི་བ་	ཞི་བ་	VERB
ཆེན་པོ་	ཆེན་པོ་	ADJ
ས་	གིས་	PART
ཟིམ་བུ་	ཟིམ་བུ་	ADJ
ར་	ལ་	PART
གཡོ་བ་	གཡོ་བ་	VERB
འི་	གི་	PART
སྤྱན་	སྤྱན་	NOUN
ཨུཏྤལ་	ཨུཏྤལ་	NO_POS
སྔོན་པོ་	སྔོན་པོ་	ADJ
འི་	གི་	PART
མདངས་	མདངས་	NOUN
སྙིགས་མ་	སྙིགས་མ་	NOUN
ར་	ལ་	PART
བྱེད་པ་	བྱེད་པ་	VERB
།		PUNCT
བདེན་པ་	བདེན་པ་	VERB
རྣམ་པ་	རྣམ་པ་	NOUN
ར་	ལ་	PART
ངེས་པ་	ངེས་པ་	VERB
འགྲེལ་བ་	འགྲེལ་བ་	NOUN
འི་	གི་	PART
དབྱངས་	དབྱངས་	NOUN
མཐའ་ཡས་པ་	མཐའ་ཡས་པ་	ADJ
འི་	གི་	PART
ཁྱོན་ཡངས་པ་	ཁྱོན་ཡངས་པ་	NO_POS
འི་	གི་	PART
ལྗགས་	ལྗགས་	NOUN
ཕྲ་མོ་	ཕྲ་མོ་	ADJ
འི་	གི་	PART
དོན་	དོན་	NOUN
འཆད་པ་	འཆད་པ་	VERB
ལ་ཟུར་	ལ་ཟུར་	NO_POS
མི་	མི་	PART
ཕྱིན་པ་	ཕྱིན་པ་	VERB
མིན་པ་	མིན་པ་	VERB
ས་	གིས་	PART
སྲབ་	སྲབ་	NO_POS
ལ་	ལ་	PART
མཉེན་པ་	མཉེན་པ་	NO_POS
ས་	གིས་	PART
འཇིག་རྟེན་	འཇིག་རྟེན་	NOUN
གྱི་	གི་	PART
ཁམས་	ཁམས་	NOUN
ཐམས་ཅད་	ཐམས་ཅད་	DET
ཁྱབ་པ་	ཁྱབ་པ་	VERB
ར་	ལ་	PART
བཀོད་	བཀོད་	VERB
དེ་	སྟེ་	PART
།		PUNCT
བརྗོད་པ་	བརྗོད་པ་	VERB
ལ་	ལ་	PART
ཟློས་བུ་	ཟློས་བུ་	NO_POS
དང་	དང་	NO_POS
རྐྱལ་བ་	རྐྱལ་བ་	VERB
ཐམས་ཅད་	ཐམས་ཅད་	DET
འཇོམས་པ་	འཇོམས་པ་	VERB
འི་	གི་	PART
ང་རོ་	ང་རོ་	NOUN
སྙན་པོ་	སྙན་པོ་	ADJ
ས་	གིས་	PART
བཟུང་བ་	བཟུང་བ་	VERB
ར་	ལ་	PART
འོས་པ་	འོས་པ་	VERB
འི་	གི་	PART
གཏམ་	གཏམ་	NOUN
ལ་	ལ་	PART
རྣ་བ་	རྣ་བ་	NOUN
བླགས་	བླགས་	NO_POS
ཏེ་	སྟེ་	PART
གཏོད་པ་	གཏོད་པ་	VERB
རྣམས་	རྣམས་	DET
ངང་	ངང་	NOUN
གིས་	གིས་	PART
འདུ་བ་	འདུ་བ་	VERB
།		PUNCT
མུ་མེད་པ་	མུ་མེད་པ་	OTHER
འི་	གི་	PART
སྐྱེ་བོ་	སྐྱེ་བོ་	NOUN
ཀུན་དགའ་	ཀུན་དགའ་	PROPN
བ་	བ་	NOUN
བྱེད་པ་	བྱེད་པ་	VERB
འི་	གི་	PART
ཚེམས་	ཚེམས་	VERB
གསལ་པོ་	གསལ་པོ་	ADJ
ར་	ལ་	PART
སྟོན་	སྟོན་	VERB
ཏེ་	སྟེ་	PART
བཏང་སྙོམས་	བཏང་སྙོམས་	NOUN
ཀྱིས་	གིས་	PART
འཛུམ་པ་	འཛུམ་པ་	VERB
ས་	གིས་	PART
ཟབ་མོ་	ཟབ་མོ་	ADJ
ལ་	ལ་	PART
གཞོལ་བ་	གཞོལ་བ་	VERB
འི་	གི་	PART
བློ་	བློ་	NOUN
འཇོ་བ་	འཇོ་བ་	OTHER
།		PUNCT
འོག་མིན་པ་	འོག་མིན་པ་	PROPN
འི་	གི་	PART
ལྷ་	ལྷ་	NOUN
འི་	གི་	PART
དབང་པོ་	དབང་པོ་	NOUN
དབང་	དབང་	NOUN
བསྒྱུར་	བསྒྱུར་	VERB
ལ་སོགས་པ་	ལ་སོགས་པ་	NO_POS
རང་	རང་	PRON
འོད་	འོད་	NOUN
དཔེ་	དཔེ་	NOUN
ར་	ལ་	PART
བྱ་ལས་	བྱ་ལས་	NO_POS
འདས་པ་	འདས་པ་	VERB
ཡང་	ཀྱང་	PART
།		PUNCT
གང་	གང་	NO_POS
གི་	གི་	PART
འོད་ཟེར་	འོད་ཟེར་	NOUN
རྣམ་པ་	རྣམ་པ་	NOUN
ར་	ལ་	PART
འཚེར་བ་	འཚེར་བ་	VERB
འི་	གི་	PART
དབུ་	དབུ་	NOUN
སུ་	ལ་	PART
དུད་	དུད་	NO_POS
རི་	རི་	NOUN
ལྟ་	ལྟ་	OTHER
ནོག་པ་	ནོག་པ་	NOUN
ར་	ལ་	PART
འགྱུར་	འགྱུར་	VERB
ཞིང་	ཅིང་	PART
།		PUNCT
བཞེངས་པ་	བཞེངས་པ་	VERB
དང་	དང་	NO_POS
གཤེགས་པ་	གཤེགས་པ་	VERB
དང་	དང་	NO_POS
བསྐྱོད་པ་	བསྐྱོད་པ་	VERB
དང་	དང་	NO_POS
སྐྱིལ་མོ་ཀྲུང་	སྐྱིལ་མོ་ཀྲུང་	NOUN
མདུད་པ་	མདུད་པ་	NOUN
དང་	དང་	NO_POS
གྲོལ་བ་	གྲོལ་བ་	VERB
ན་	ལ་	PART
ནམ་མཁ་	ནམ་མཁའ་	NOUN
ས་	གིས་	PART
ཀྱང་	ཀྱང་	PART
སྒྲ་	སྒྲ་	NOUN
གླག་	གླག་	OTHER
ཅོ་	ཅོ་	NOUN
ར་	ལ་	PART
དུ་	ལ་	PART
སྒྲོགས་	སྒྲོགས་	VERB
ཏེ་	སྟེ་	PART
གཞལ་	གཞལ་	VERB
དུ་	ལ་	PART
མེད་པ་	མེད་པ་	VERB
འི་	གི་	PART
ཕྱོགས་	ཕྱོགས་	NOUN
བཅུ་		
འགུལ་ལྡེག་	འགུལ་ལྡེག་	NO_POS
འུར་བ་	འུར་བ་	NO_POS
དང་	དང་	NO_POS
།		PUNCT
ལྷུང་ལྷུང་	ལྷུང་ལྷུང་	ADV
གི་	གི་	PART
བར་མཚམས་	བར་མཚམས་	NOUN
མེད་པ་	མེད་པ་	VERB
ར་	ལ་	PART
གཡོ་	གཡོ་	VERB
བ་	བ་	NOUN
མཛད་པ་	མཛད་པ་	VERB
།		PUNCT
གཏོང་བ་	གཏོང་བ་	VERB
ཆེན་པོ་	ཆེན་པོ་	ADJ
ལ་	ལ་	PART
མངོན་པ་	མངོན་པ་	OTHER
དགྱེས་པ་	དགྱེས་པ་	VERB
འི་	གི་	PART
ཐག་	ཐག་	VERB
སོ་	སོ་	PART
ར་	ལ་	PART
ཡོ་བྱད་	ཡོ་བྱད་	NOUN
ཐམས་ཅད་	ཐམས་ཅད་	DET
རྫོགས་པ་	རྫོགས་པ་	VERB
འི་	གི་	PART
བྱང་ཆུབ་	བྱང་ཆུབ་	NOUN
ལ་	ལ་	ADP
ས་	གིས་	PART
གཞན་	གཞན་	DET
དུ་	ལ་	PART
ཆུད་	ཆུད་	VERB
མི་	མི་	PART
ཟ་བ་	ཟ་བ་	VERB
འི་	གི་	PART
ཕྱི་	ཕྱི་	OTHER
དྲ་བ་	དྲ་བ་	OTHER
ལྟ་	ལྟ་	OTHER
འབྲེལ་བ་	འབྲེལ་བ་	VERB
ས་	གིས་	PART
དགེ་	དགེ་	NOUN
འབྲས་	འབྲས་	NOUN
ཀྱི་	གི་	PART
དངོས་པོ་	དངོས་པོ་	NOUN
མི་ལྟུང་	མི་ལྟུང་	NO_POS
བ་	བ་	NOUN
འཛིན་པ་	འཛིན་པ་	VERB
དང་	དང་	NO_POS
།		PUNCT
ང་རྒྱལ་	ང་རྒྱལ་	NOUN
དང་	དང་	NO_POS
དྲེགས་པ་	དྲེགས་པ་	VERB
འི་	གི་	PART
ཉྭ་		NON_WORD
སུལ་	སུལ་	NO_POS
ལང་ལོང་	ལང་ལོང་	OTHER
ཞི་བ་	ཞི་བ་	VERB
དང་	དང་	NO_POS
དུལ་བ་	དུལ་བ་	VERB
ར་	ལ་	PART
བྱས་པ་	བྱས་པ་	VERB
འི་	གི་	PART
བྱིན་པ་	བྱིན་པ་	VERB
རི་དྭགས་	རི་དྭགས་	NOUN
ཨེ་	ཨེ་	PART
ན་	ལ་	PART
ཡ་	ཡ་	NOUN
འི་	གི་	PART
བྱིན་པ་	བྱིན་པ་	VERB
ལྟ་	ལྟ་	OTHER
སྙོམས་པ་		
ཕྲ་	ཕྲ་	NOUN
ལ་	ལ་	PART
ཟླུམ་པ་	ཟླུམ་པ་	NO_POS
དང་	དང་	NO_POS
།		PUNCT
བསྐལ་པ་	བསྐལ་པ་	NOUN
བགྲང་	བགྲང་	VERB
དུ་	ལ་	PART
མེད་པ་	མེད་པ་	VERB
ར་	ལ་	PART
ཕ་རོལ་	ཕ་རོལ་	NOUN
ཏུ་	ལ་	PART
ཕྱིན་པ་	ཕྱིན་པ་	VERB
བཅུ་	བཅུ་	NUM
ས་	གིས་	PART
ལེགས་པ་	ལེགས་པ་	VERB
ར་	ལ་	PART
བསྒྲུབས་པ་	བསྒྲུབས་པ་	VERB
འི་	གི་	PART
ཞིང་	ཅིང་	PART
དང་	དང་	NO_POS
འཁོར་	འཁོར་	NOUN
དང་	དང་	NO_POS
སྐུ་ཚེ་	སྐུ་ཚེ་	NOUN
དང་	དང་	NO_POS
ཡོ་བྱད་	ཡོ་བྱད་	NOUN
དང་	དང་	NO_POS
ལང་ཚོ་	ལང་ཚོ་	OTHER
དང་	དང་	NO_POS
མཚན་དཔེ་	མཚན་དཔེ་	NOUN
ཡོན་ཏན་	ཡོན་ཏན་	NOUN
ཤེས་བྱ་	ཤེས་བྱ་	VERB
འི་	གི་	PART
ཁོངས་	ཁོངས་	NOUN
སུ་	ལ་	PART
ཟད་པ་	ཟད་པ་	VERB
མེད་	མེད་	VERB
ཅིང་	ཅིང་	PART
ཕུལ་	ཕུལ་	VERB
དུ་	ལ་	PART
དབྱུང་	དབྱུང་	NO_POS
དུ་	ལ་	PART
མེད་པ་	མེད་པ་	VERB
།		PUNCT
པདྨ་	པདྨ་	NOUN
གསར་པ་	གསར་པ་	VERB
འི་	གི་	PART
གེ་སར་	གེ་སར་	PROPN
ལྟ་	ལྟ་	OTHER
གཙང་	གཙང་	PROPN
ཞིང་	ཅིང་	PART
གྲུང་པོ་	གྲུང་པོ་	NO_POS
ར་	ལ་	PART
གྱུར་པ་	གྱུར་པ་	VERB
ས་	གིས་	PART
ཚུ་རོལ་	ཚུ་རོལ་	NOUN
སྲིད་པ་	སྲིད་པ་	VERB
གསུམ་	གསུམ་	NUM
གྱི་	གི་	PART
གནས་	གནས་	NOUN
སུ་	ལ་	PART
མི་	མི་	PART
འོང་བ་	འོང་བ་	VERB
།		PUNCT
རྫུ་འཕྲུལ་	རྫུ་འཕྲུལ་	NOUN
གྱི་	གི་	PART
རིགས་པ་	རིགས་པ་	VERB
ཟབ་མོ་	ཟབ་མོ་	ADJ
འི་	གི་	PART
སྨན་ཆེན་པོ་	སྨན་ཆེན་པོ་	NO_POS
འི་	གི་	PART
མཐུ་	མཐུ་	NOUN
ས་	གིས་	PART
ཆོ་	ཆོ་	NOUN
ཐམས་ཅད་	ཐམས་ཅད་	DET
སྒྱུ་མ་	སྒྱུ་མ་	NOUN
དང་ག་	དང་ག་	NO_POS
ར་བ་	ར་བ་	PART
ལྟ་	ལྟ་	OTHER
རྣམ་པ་	རྣམ་པ་	NOUN
ར་	ལ་	PART
བརླབ་	བརླབ་	NO_POS
སྟེ་	སྟེ་	PART
།		PUNCT
སྟོང་པ་	སྟོང་པ་	VERB
དང་	དང་	NO_POS
ཞི་བ་	ཞི་བ་	VERB
དང་	དང་	NO_POS
བདེན་པ་	བདེན་པ་	VERB
འི་	གི་	PART
དེ་ཉིད་	དེ་ཉིད་	NOUN
ཀྱིས་	གིས་	PART
རོ་	རོ་	NOUN
གདོན་པ་	གདོན་པ་	VERB
ར་	ལ་	PART
མཛད་	མཛད་	VERB
ན་	ནས་	PART
།		PUNCT
ཕྱིན་	ཕྱིན་	VERB
ཅི་	ཅི་	NO_POS
ལོག་	ལོག་	VERB
གི་	གི་	PART
འཁྲུལ་པ་	འཁྲུལ་པ་	NO_POS
འི་	གི་	PART
མིག་	མིག་	NOUN
བཀྲུ་བ་	བཀྲུ་བ་	VERB
ལ་	ལ་	PART
ཐུགས་རྗེ་	ཐུགས་རྗེ་	NOUN
ཆེན་པོ་	ཆེན་པོ་	ADJ
ས་	གིས་	PART
དུས་	དུས་	NOUN
མི་	མི་	PART
འཁྲུགས་པ་	འཁྲུགས་པ་	VERB
འཛིན་པ་	འཛིན་པ་	VERB
དང་	དང་	NO_POS
།		PUNCT
ཆོས་ཉིད་	ཆོས་ཉིད་	NOUN
ཀྱི་	གི་	PART
དབང་ཕྱུག་	དབང་ཕྱུག་	NOUN
ཆེན་པོ་	ཆེན་པོ་	ADJ
ར་	ལ་	PART
གྱུར་པ་	གྱུར་པ་	VERB
ས་	གིས་	PART
འཕགས་ལམ་	འཕགས་ལམ་	OTHER
གྱི་	གི་	PART
རང་བཞིན་	རང་བཞིན་	NOUN
མ་ཚང་བ་	མ་ཚང་བ་	NO_POS
མེད་པ་	མེད་པ་	VERB
འི་	གི་	PART
སྲིད་	སྲིད་	NOUN
ཐབས་	ཐབས་	NOUN
ཐེག་པ་	ཐེག་པ་	NOUN
གསུམ་	གསུམ་	NUM
སོ་སོ་	སོ་སོ་	PRON
འི་	གི་	PART
ཤེས་རབ་	ཤེས་རབ་	NOUN
ཀྱི་	གི་	PART
འཇུག་པ་	འཇུག་པ་	VERB
དང་	དང་	NO_POS
སྦྱར་བ་	སྦྱར་བ་	VERB
འི་	གི་	PART
བགོ་སྐལ་	བགོ་སྐལ་	NO_POS
འགྱེད་པ་	འགྱེད་པ་	VERB
ལ་	ལ་	PART
ལྷག་ཆད་	ལྷག་ཆད་	NOUN
ནོར་བ་	ནོར་བ་	VERB
འི་	གི་	PART
ནོངས་པ་	ནོངས་པ་	VERB
མི་	མི་	PART
བཞེས་པ་	བཞེས་པ་	VERB
།		PUNCT
དུད་འགྲོ་	དུད་འགྲོ་	NOUN
འི་	གི་	PART
སྐྱེ་	སྐྱེ་	VERB
གནས་	གནས་	NOUN
སུ་	ལ་	PART
གཏོགས་པ་	གཏོགས་པ་	VERB
འི་	གི་	PART
དམན་པ་	དམན་པ་	VERB
འི་	གི་	PART
སེམས་ཅན་	སེམས་ཅན་	NOUN
བདེ་	བདེ་	VERB
འབྲས་	འབྲས་	NOUN
ཟད་པ་	ཟད་པ་	VERB
ཐ་ཆད་	ཐ་ཆད་	NO_POS
ཀྱང་	ཀྱང་	PART
།		PUNCT
གང་	གང་	NO_POS
ལ་	ལ་	PART
དམིགས་	དམིགས་	VERB
ན་	ནས་	PART
དགེ་བ་	དགེ་བ་	VERB
འི་	གི་	PART
བློ་གྲོས་	བློ་གྲོས་	NOUN
དུས་	དུས་	NOUN
ཀྱི་	གི་	PART
སྐད་ཅིག་	སྐད་ཅིག་	OTHER
གཅིག་	གཅིག་	NUM
ལ་	ལ་	PART
ཐེར་འབུམ་	ཐེར་འབུམ་	NUM
གྱི་	གི་	PART
ཆ་	ཆ་	NOUN
ར་	ལ་	PART
བཤིག་པ་	བཤིག་པ་	VERB
འི་	གི་	PART
ཆ་ཤས་	ཆ་ཤས་	NOUN
གཅིག་	གཅིག་	NUM
སྐྱེས་པ་	སྐྱེས་པ་	VERB
ན་	ལ་	PART
།		PUNCT
སྐད་	སྐད་	NOUN
གཅིག་	གཅིག་	NUM
དེ་ཉིད་	དེ་ཉིད་	NOUN
ལ་	ལ་	PART
ཚངས་པ་	ཚངས་པ་	PROPN
ཆེན་པོ་	ཆེན་པོ་	ADJ
ཚངས་པ་	ཚངས་པ་	PROPN
འི་	གི་	PART
རྒྱལ་པོ་	རྒྱལ་པོ་	NOUN
སྟོང་ཕྲག་	སྟོང་ཕྲག་	OTHER
མང་པོ་	མང་པོ་	ADJ
ས་	གིས་	PART
བསྐོར་བ་	བསྐོར་བ་	VERB
འི་	གི་	PART
སྐལ་པ་	སྐལ་པ་	NOUN
སྦྱིན་པ་	སྦྱིན་པ་	VERB
ལ་	ལ་	PART
ང་	ང་	PRON
ཡི་བ་	ཡི་བ་	PART
འི་	གི་	PART
དྲི་མ་	དྲི་མ་	NOUN
དང་	དང་	NO_POS
བྲལ་བ་	བྲལ་བ་	VERB
།		PUNCT
དེ་ལྟ་	དེ་ལྟ་	NO_POS
བུ་	བུ་	NOUN
འི་	གི་	PART
སྙན་གྲགས་	སྙན་གྲགས་	NOUN
ཀྱིས་	གིས་	PART
གཏམ་	གཏམ་	NOUN
ཆེན་པོ་	ཆེན་པོ་	ADJ
དེ་	སྟེ་	PART
མཐའ་	མཐའ་	NOUN
གཏུགས་པ་	གཏུགས་པ་	VERB
མ་	མ་	PART
མཆིས་པ་	མཆིས་པ་	VERB
འི་	གི་	PART
སངས་རྒྱས་	སངས་རྒྱས་	NOUN
ཀྱི་	གི་	PART
ཞིང་	ཅིང་	PART
མཐའ་ཡས་པ་	མཐའ་ཡས་པ་	ADJ
རྣམས་	རྣམས་	DET
སུ་	ལ་	PART
བདེ་བ་	བདེ་བ་	VERB
ར་	ལ་	PART
གཤེགས་པ་	གཤེགས་པ་	VERB
འཚལ་	འཚལ་	VERB
ཏོ་	གོ་	PART
ཅོག་	ཅོག་	DET
དབྱངས་	དབྱངས་	NOUN
གཅིག་	གཅིག་	NUM
མགྲིན་	མགྲིན་	NOUN
གཅིག་	གཅིག་	NUM
ཏུ་	ལ་	PART
འཁོར་	འཁོར་	NOUN
གྱི་	གི་	PART
དཀྱིལ་འཁོར་པ་	དཀྱིལ་འཁོར་པ་	NOUN
ཀུན་	ཀུན་	DET
ལ་	ལ་	PART
སྒྲོགས་པ་	སྒྲོགས་པ་	VERB
ར་	ལ་	PART
མཛད་	མཛད་	VERB
དེ་	སྟེ་	PART
།		PUNCT
ཇི་སྐད་	ཇི་སྐད་	NO_POS
དུ་	ལ་	PART
།		PUNCT
མི་མཇེད་	མི་མཇེད་	PROPN
འཇིག་རྟེན་	འཇིག་རྟེན་	NOUN
གྱི་	གི་	PART
ཁམས་	ཁམས་	NOUN
ཞེ་	ཅེས་	PART
བྱ་བ་	བྱ་བ་	VERB
ར་	ལ་	PART
བླ་	བླ་	NOUN
ན་	ལ་	PART
མེད་པ་	མེད་པ་	VERB
ཡང་དག་པ་	ཡང་དག་པ་	ADJ
ར་	ལ་	PART
རྫོགས་པ་	རྫོགས་པ་	VERB
འི་	གི་	PART
སངས་རྒྱས་	སངས་རྒྱས་	NOUN
ཤཱཀྱ་	ཤཱཀྱ་	PROPN
ཐུབ་པ་	ཐུབ་པ་	VERB
བྱ་བ་	བྱ་བ་	VERB
འི་	གི་	PART
དེ་བཞིན་	དེ་བཞིན་	OTHER
གཤེགས་པ་	གཤེགས་པ་	VERB
ཞིག་	ཅིག་	PART
འགྲོ་བ་	འགྲོ་བ་	VERB
འི་	གི་	PART
བླ་མ་	བླ་མ་	NOUN
ར་	ལ་	PART
བྱོན་	བྱོན་	VERB
ཏེ་	སྟེ་	PART
།		PUNCT
དེ་ཉིད་	དེ་ཉིད་	NOUN
ཀྱི་	གི་	PART
བསྟན་པ་	བསྟན་པ་	VERB
གཟུགས་བརྙན་	གཟུགས་བརྙན་	NOUN
གྱི་	གི་	PART
དུས་	དུས་	NOUN
ལ་	ལ་	PART
བབ་པ་	བབ་པ་	VERB
ན་	ལ་	PART
།		PUNCT
སླ་	སླ་	ADV
དེ་བཞིན་	དེ་བཞིན་	OTHER
གཤེགས་པ་	གཤེགས་པ་	VERB
ཤཱཀྱ་	ཤཱཀྱ་	PROPN
ཐུབ་པ་	ཐུབ་པ་	VERB
དེ་ཉིད་	དེ་ཉིད་	NOUN
བོད་	བོད་	PROPN
གངས་ཅན་	གངས་ཅན་	ADJ
གྱི་	གི་	PART
ཁྲོད་	ཁྲོད་	NOUN
འབྲི་	འབྲི་	VERB
སེ་བ་	སེ་བ་	NOUN
བྱང་ཆུབ་	བྱང་ཆུབ་	NOUN
ཀྱི་	གི་	PART
གླིང་	གླིང་	NOUN
ཞེ་	ཅེས་	PART
བྱ་བ་	བྱ་བ་	VERB
ར་	ལ་	PART
ཤཱཀྱའི་		NON_WORD
དགེ་སློང་	དགེ་སློང་	NOUN
རིན་ཆེན་	རིན་ཆེན་	OTHER
དཔལ་	དཔལ་	OTHER
བྱ་བ་	བྱ་བ་	VERB
ར་	ལ་	PART
སྤྲུལ་	སྤྲུལ་	VERB
ཏེ་	སྟེ་	PART
འཁོར་	འཁོར་	NOUN
རྗེ་བཙུན་	རྗེ་བཙུན་	NOUN
བྱམས་མགོན་	བྱམས་མགོན་	OTHER
གྱི་	གི་	PART
འདུས་པ་	འདུས་པ་	VERB
དང་པོ་	དང་པོ་	ADJ
ར་	ལ་	PART
ལས་མི་	ལས་མི་	NOUN
ཉུང་བ་	ཉུང་བ་	VERB
འི་	གི་	PART
དབུ་	དབུ་	NOUN
སུ་	ལ་	PART
ལྷ་	ལྷ་	NOUN
འི་	གི་	PART
དབང་པོ་	དབང་པོ་	NOUN
བརྒྱ་བྱིན་	བརྒྱ་བྱིན་	PROPN
དང་	དང་	NO_POS
ཚངས་པ་	ཚངས་པ་	PROPN
ལ་སོགས་པ་	ལ་སོགས་པ་	NO_POS
ས་	གིས་	PART
ཆོ་	ཆོ་	NOUN
ཀྱི་	གི་	PART
འཁོར་ལོ་	འཁོར་ལོ་	NOUN
བསྐོར་བ་	བསྐོར་བ་	VERB
ར་	ལ་	PART
གསོལ་བ་	གསོལ་བ་	VERB
འདེབས་	འདེབས་	VERB
ཤིང་	ཅིང་	PART
།		PUNCT
ཆོ་	ཆོ་	NOUN
ཀྱི་	གི་	PART
འཁོར་ལོ་	འཁོར་ལོ་	NOUN
ཡང་	ཀྱང་	PART
དོན་དམ་	དོན་དམ་	NOUN
རྣམ་པ་	རྣམ་པ་	NOUN
ར་	ལ་	PART
ངེས་པ་	ངེས་པ་	VERB
ཐེག་པ་	ཐེག་པ་	NOUN
གཅིག་	གཅིག་	NUM
ཁོ་ན་	ཁོ་ན་	DET
ར་	ལ་	PART
བསྐོར་བ་	བསྐོར་བ་	VERB
ལ་	ལ་	PART
མི་	མི་	PART
གནས་པ་	གནས་པ་	VERB
འི་	གི་	PART
མྱང་འདས་	མྱང་འདས་	NOUN
ཀྱི་	གི་	PART
ཚངས་	ཚངས་	VERB
ཚུལ་	ཚུལ་	NOUN
གྱི་	གི་	PART
རྒྱུད་	རྒྱུད་	NOUN
ལེགས་པ་	ལེགས་པ་	VERB
ར་	ལ་	PART
གྲོལ་བ་	གྲོལ་བ་	VERB
འི་	གི་	PART
ས་བཅུ་པ་	ས་བཅུ་པ་	NO_POS
འི་	གི་	PART
བྱང་	བྱང་	NOUN
ཆེན་	ཆེན་	NO_POS
ཤ་སྟག་	ཤ་སྟག་	DET
འདུས་པ་	འདུས་པ་	VERB
འི་	གི་	PART
འདྲེན་པ་	འདྲེན་པ་	VERB
ར་	ལ་	PART
མཛད་	མཛད་	VERB
ལ་	ལ་	PART
བྱང་ཆུབ་	བྱང་ཆུབ་	NOUN
སེམས་དཔའ་	སེམས་དཔའ་	NOUN
དེ་	དེ་	DET
འི་	གི་	PART
རྣམ་པ་	རྣམ་པ་	NOUN
ར་	ལ་	PART
ཐར་པ་	ཐར་པ་	VERB
འང་	ཀྱང་	PART
ཁྱིམ་	ཁྱིམ་	NOUN
ན་	ནས་	PART
ཁྱིམ་	ཁྱིམ་	NOUN
མེད་པ་	མེད་པ་	VERB
ར་	ལ་	PART
རབ་ཏུ་	རབ་ཏུ་	NO_POS
གཤེགས་	གཤེགས་	VERB
ཏེ་	སྟེ་	PART
བསྙེན་པ་	བསྙེན་པ་	VERB
ར་	ལ་	PART
རྫོགས་པ་	རྫོགས་པ་	VERB
དགེ་སློང་	དགེ་སློང་	NOUN
གི་	གི་	PART
རང་བཞིན་	རང་བཞིན་	NOUN
ཅན་	ཅན་	PART
སྦྱངས་པ་	སྦྱངས་པ་	VERB
འི་	གི་	PART
ཡོན་ཏན་	ཡོན་ཏན་	NOUN
བཅུ་གཉིས་	བཅུ་གཉིས་	NO_POS
ལ་	ལ་	PART
གནས་པ་	གནས་པ་	VERB
།		PUNCT
སྒྲུབ་པ་	སྒྲུབ་པ་	VERB
ལ་	ལ་	PART
ནན་ཏན་	ནན་ཏན་	NOUN
དུ་	ལ་	PART
མཛད་	མཛད་	VERB
ཅིང་	ཅིང་	PART
རང་བཞིན་	རང་བཞིན་	NOUN
གྱི་	གི་	PART
རྒྱུད་	རྒྱུད་	NOUN
ཀྱི་	གི་	PART
འཁོན་	འཁོན་	VERB
མ་ལུས་པ་	མ་ལུས་པ་	OTHER
སྦྱངས་པ་	སྦྱངས་པ་	VERB
ཁོ་ན་	ཁོ་ན་	DET
ལ་	ལ་	PART
འབད་པ་	འབད་པ་	VERB
ལྷུ་	ལྷུ་	VERB
མཛད་པ་	མཛད་པ་	VERB
དེ་ལྟ་	དེ་ལྟ་	NO_POS
བུ་	བུ་	NOUN
འི་	གི་	PART
ལུས་པ་	ལུས་པ་	VERB
རྣམ་པ་	རྣམ་པ་	NOUN
ར་	ལ་	PART
དཀར་བ་	དཀར་བ་	VERB
ལ་	ལ་	ADP
ས་	གིས་	PART
འཕེལ་བ་	འཕེལ་བ་	VERB
འི་	གི་	PART
ངུར་སྨྲིག་	ངུར་སྨྲིག་	NOUN
འཛིན་པ་	འཛིན་པ་	VERB
འི་	གི་	PART
རྒྱལ་མཚན་	རྒྱལ་མཚན་	NOUN
གྱི་	གི་	PART
ས་གཞི་	ས་གཞི་	NOUN
འཁོར་ཡུག་	འཁོར་ཡུག་	OTHER
དང་	དང་	NO_POS
བཅས་པ་	བཅས་པ་	VERB
གང་བ་	གང་བ་	VERB
འི་	གི་	PART
འོད་ཟེར་	འོད་ཟེར་	NOUN
གྱི་	གི་	PART
བདུད་	བདུད་	NOUN
སྡེ་	སྡེ་	NOUN
དཔུང་ཚོགས་	དཔུང་ཚོགས་	NOUN
མ་ལུས་པ་	མ་ལུས་པ་	OTHER
ཚིག་	ཚིག་	NOUN
ཅིང་	ཅིང་	PART
ངུད་	ངུད་	NO_POS
མི་བཟད་པ་	མི་བཟད་པ་	NO_POS
ར་	ལ་	PART
སྒྲོགས་	སྒྲོགས་	VERB
སུ་	ལ་	PART
འཇུག་པ་	འཇུག་པ་	VERB
ར་	ལ་	PART
འགྱུར་	འགྱུར་	VERB
རོ་	རོ་	NOUN
། །		PUNCT
ཞེ་	ཅེས་	PART
ལུང་སྟོན་པ་	ལུང་སྟོན་པ་	NOUN
ར་	ལ་	PART
གདོན་	གདོན་	NOUN
མི་	མི་	PART
འཚལ་བ་	འཚལ་བ་	VERB
འི་	གི་	PART
སྐྱོབ་པ་	སྐྱོབ་པ་	VERB
དེ་	སྟེ་	PART
ནི་	ནི་	NO_POS
ཡང་དག་པ་	ཡང་དག་པ་	ADJ
ར་	ལ་	PART
རྫོགས་པ་	རྫོགས་པ་	VERB
འི་	གི་	PART
སངས་རྒྱས་	སངས་རྒྱས་	NOUN
དངོ་	དངོ་	NOUN
སུ་	ལ་	PART
ལགས་	ལགས་	AUX
ན་	ལ་	PART
།		PUNCT
དེ་	དེ་	DET
འི་	གི་	PART
ཡོན་ཏན་	ཡོན་ཏན་	NOUN
ནི་	ནི་	NO_POS
བདག་	བདག་	PRON
གིས་	གིས་	PART
བརྗོད་པ་	བརྗོད་པ་	VERB
ར་	ལ་	PART
རྔོ་	རྔོ་	VERB
ག་ལ་	ག་ལ་	NO_POS
ཐོགས་	ཐོགས་	VERB
ཏེ་	སྟེ་	PART
།		PUNCT
བདེ་བ་	བདེ་བ་	VERB
ར་	ལ་	PART
གཤེགས་པ་	གཤེགས་པ་	VERB
འི་	གི་	PART
ཡོན་ཏན་	ཡོན་ཏན་	NOUN
ནམ་མཁ་	ནམ་མཁའ་	NOUN
འི་	གི་	PART
མཐའ་དབུས་	མཐའ་དབུས་	NO_POS
ལྟ་	ལྟ་	OTHER
ཟབ་	ཟབ་	VERB
རྒྱ་	རྒྱ་	VERB
ཀྱི་	གི་	PART
འཇིངས་	འཇིངས་	NO_POS
ལ་	ལ་	PART
བདག་	བདག་	PRON
གིས་	གིས་	PART
བསྟོད་ཚིག་	བསྟོད་ཚིག་	NOUN
གི་	གི་	PART
ཚོན་	ཚོན་	NOUN
རི་	རི་	NOUN
འགོད་པ་	འགོད་པ་	VERB
ར་	ལ་	PART
མི་	མི་	PART
ནུས་པ་	ནུས་པ་	VERB
འི་	གི་	PART
ཕྱི་	ཕྱི་	OTHER
བསམ་	བསམ་	NOUN
གྱིས་	གིས་	PART
མི་	མི་	PART
ཁྱབ་པ་	ཁྱབ་པ་	VERB
འི་	གི་	PART
སྒོ་	སྒོ་	NOUN
ན་	ནས་	PART
ཡང་དག་པ་	ཡང་དག་པ་	ADJ
ར་	ལ་	PART
བསྟོད་	བསྟོད་	VERB
དོ་	གོ་	PART
། །		PUNCT
འགྲན་ཟླ་	འགྲན་ཟླ་	NOUN
མེད་པ་	མེད་པ་	VERB
ར་	ལ་	PART
བཀུར་	བཀུར་	VERB
རོ་	རོ་	NOUN
། །		PUNCT
ཚད་	ཚད་	NOUN
མེད་པ་	མེད་པ་	VERB
ར་	ལ་	PART
བསྔགས་	བསྔགས་	VERB
སོ་	གོ་	PART
། །		PUNCT
དེ་ལྟ་	དེ་ལྟ་	NO_POS
བུ་	བུ་	NOUN
འི་	གི་	PART
ཡང་དག་པ་	ཡང་དག་པ་	ADJ
ར་	ལ་	PART
རྫོགས་པ་	རྫོགས་པ་	VERB
འི་	གི་	PART
སངས་རྒྱས་	སངས་རྒྱས་	NOUN
སྐྱུ་	སྐྱུ་	NO_POS
ར་	ར་	ADP
རིན་པོ་ཆེ་	རིན་པོ་ཆེ་	ADJ
དེ་	དེ་	DET
ས་	གིས་	PART
མཛད་པ་	མཛད་པ་	VERB
བཅུ་གཉིས་	བཅུ་གཉིས་	NO_POS
ཀྱི་	གི་	PART
ཐ་མ་	ཐ་མ་	ADJ
ཞིང་	ཅིང་	PART
འདི་	འདི་	DET
ར་	ལ་	PART
བསྟན་	བསྟན་	VERB
ཏེ་	སྟེ་	PART
།		PUNCT
དངོ་	དངོ་	NOUN
ཀྱི་	གི་	PART
གདུལ་བྱ་	གདུལ་བྱ་	NOUN
དང་	དང་	NO_POS
བསྟན་པ་	བསྟན་པ་	VERB
དེ་ཉིད་	དེ་ཉིད་	NOUN
སྒྲུབ་པ་པོ་	སྒྲུབ་པ་པོ་	VERB
ནུབ་	ནུབ་	ADV
སྟེ་	སྟེ་	PART
།		PUNCT
རྗེས་སུ་	རྗེས་སུ་	OTHER
འཇུག་པ་	འཇུག་པ་	VERB
ར་	ལ་	PART
ཁས་ལེན་པ་	ཁས་ལེན་པ་	NOUN
ཀུན་	ཀུན་	DET
ཡང་	ཀྱང་	PART
རྟོག་གེ་	རྟོག་གེ་	NOUN
ལ་	ལ་	PART
མངོན་པ་	མངོན་པ་	OTHER
སྲེད་	སྲེད་	NOUN
ཅིང་	ཅིང་	PART
འཇིག་རྟེན་	འཇིག་རྟེན་	NOUN
རྒྱང་	རྒྱང་	NOUN
འཕེན་	འཕེན་	VERB
གྱི་	གི་	PART
གཏམ་	གཏམ་	NOUN
གསང་བ་	གསང་བ་	VERB
ར་	ལ་	PART
བསྒྲིབས་	བསྒྲིབས་	NO_POS
ཏེ་	སྟེ་	PART
རང་རང་	རང་རང་	NO_POS
གི་	གི་	PART
སློབ་མ་	སློབ་མ་	NOUN
རྣམས་	རྣམས་	DET
ལ་	ལ་	PART
འདོམས་	འདོམས་	NOUN
ཤིང་	ཅིང་	PART
།		PUNCT
འཇིག་རྟེན་	འཇིག་རྟེན་	NOUN
འདི་	འདི་	DET
དང་	དང་	NO_POS
ཕྱི་མ་	ཕྱི་མ་	ADJ
འི་	གི་	PART
ནོར་	ནོར་	NOUN
ཆེན་	ཆེན་	NO_POS
ཀུན་འཇོམས་པ་	ཀུན་འཇོམས་པ་	OTHER
ར་	ལ་	PART
བྱེད་པ་	བྱེད་པ་	VERB
འི་	གི་	PART
ཆོམས་		NON_WORD
རྐུན་	རྐུན་	NO_POS
བླ་	བླ་	NOUN
ན་	ལ་	PART
མེད་པ་	མེད་པ་	VERB
ཚེ་རབས་	ཚེ་རབས་	NOUN
ཕྱི་མ་	ཕྱི་མ་	ADJ
ཡོད་མེད་	ཡོད་མེད་	ADJ
ཀྱི་	གི་	PART
ཐེ་ཚོམ་	ཐེ་ཚོམ་	NOUN
ཅུང་ཟད་	ཅུང་ཟད་	ADV
འཚལ་བ་	འཚལ་བ་	VERB
འི་	གི་	PART
ངོ་	ངོ་	PART
ར་	ལ་	PART
།		PUNCT
ཆ་ལུགས་	ཆ་ལུགས་	NOUN
དང་	དང་	NO_POS
ཁྲུ་	ཁྲུ་	NOUN
དང་	དང་	NO_POS
གཙང་སྦྲ་	གཙང་སྦྲ་	NOUN
ཙམ་	ཙམ་	DET
གྱིས་	གིས་	PART
ཚུལ་འཆོས་	ཚུལ་འཆོས་	NOUN
ན་	ནས་	PART
ཚུལ་འཆོས་	ཚུལ་འཆོས་	NOUN
ཀྱི་	གི་	PART
སྨིག་རྒྱུ་	སྨིག་རྒྱུ་	NOUN
དེ་ཉིད་	དེ་ཉིད་	NOUN
སྐྱེ་བ་	སྐྱེ་བ་	VERB
འི་	གི་	PART
རྒྱ་མཚོ་	རྒྱ་མཚོ་	NOUN
མཐ་	མཐའ་	NOUN
ར་	ལ་	PART
འབྱིན་	འབྱིན་	VERB
གྱི་	གི་	PART
ཐར་པ་	ཐར་པ་	VERB
འི་	གི་	PART
གྲུ་	གྲུ་	NOUN
ཆེན་	ཆེན་	NO_POS
དུ་	ལ་	PART
འཁྲུལ་	འཁྲུལ་	NO_POS
ཏེ་	སྟེ་	PART
སྨིག་རྒྱུ་	སྨིག་རྒྱུ་	NOUN
འི་	གི་	PART
འཁྲུལ་	འཁྲུལ་	NO_POS
ཞབས་	ཞབས་	NOUN
ཀྱི་	གི་	PART
མདུད་པ་	མདུད་པ་	NOUN
དམ་པོ་	དམ་པོ་	ADJ
ས་	གིས་	PART
བྱིས་པ་	བྱིས་པ་	NOUN
འི་	གི་	PART
སྐལ་བ་	སྐལ་བ་	NOUN
བློ་	བློ་	NOUN
གཞོན་ནུ་	གཞོན་ནུ་	ADJ
རྟག་	རྟག་	VERB
འཛིན་	འཛིན་	VERB
གྱི་	གི་	PART
ཡིད་	ཡིད་	NOUN
དམ་	གམ་	PART
རྒན་པོ་	རྒན་པོ་	ADJ
ར་	ལ་	PART
བཅིངས་	བཅིངས་	VERB
ཏེ་	སྟེ་	PART
།		PUNCT
ལྟ་གྲུབ་	ལྟ་གྲུབ་	OTHER
ཀྱི་	གི་	PART
ཕྱོགས་རིས་	ཕྱོགས་རིས་	NOUN
བརྒྱུད་པ་	བརྒྱུད་པ་	VERB
འི་	གི་	PART
ཁ་འཛིན་	ཁ་འཛིན་	NOUN
ལ་སོགས་	ལ་སོགས་	NO_POS
ལ་	ལ་	PART
བསྙད་པ་	བསྙད་པ་	VERB
འི་	གི་	PART
ངལ་བ་	ངལ་བ་	VERB
འབྲས་བུ་	འབྲས་བུ་	NOUN
མེད་པ་	མེད་པ་	VERB
འི་	གི་	PART
བགྱི་བ་	བགྱི་བ་	VERB
ལ་	ལ་	PART
སྙིང་པོ་	སྙིང་པོ་	NOUN
ར་	ལ་	PART
མཐོང་	མཐོང་	VERB
ན་	ནས་	PART
རང་ཕྱོགས་	རང་ཕྱོགས་	NO_POS
ལ་	ལ་	PART
ལྷག་པ་		
ཆུམས་པ་	ཆུམས་པ་	NO_POS
འི་	གི་	PART
གོ་ཆ་	གོ་ཆ་	NOUN
དང་	དང་	NO_POS
།		PUNCT
གཞན་ཕྱོགས་	གཞན་ཕྱོགས་	NO_POS
ལ་	ལ་	PART
རྣམ་པ་	རྣམ་པ་	NOUN
ར་	ལ་	PART
འཚེ་བ་	འཚེ་བ་	VERB
འི་	གི་	PART
མཚོན་ཆ་	མཚོན་ཆ་	NOUN
བཟུང་	བཟུང་	NO_POS
སྟེ་	སྟེ་	PART
རྩོད་	རྩོད་	VERB
ལྡན་	ལྡན་	VERB
མཐར་ཐུག་པ་	མཐར་ཐུག་པ་	NOUN
འི་	གི་	PART
དུས་	དུས་	NOUN
ལ་	ལ་	PART
བབ་པ་	བབ་པ་	VERB
ན་	ལ་	PART
སྐྱོབ་པ་	སྐྱོབ་པ་	VERB
འཇིག་རྟེན་	འཇིག་རྟེན་	NOUN
གསུམ་	གསུམ་	NUM
གྱི་	གི་	PART
མགོན་པོ་	མགོན་པོ་	NOUN
དེ་ཉིད་	དེ་ཉིད་	NOUN
ཀྱིས་	གིས་	PART
ལུང་བསྟན་པ་	ལུང་བསྟན་པ་	NOUN
དང་	དང་	NO_POS
མཐུན་པ་	མཐུན་པ་	VERB
ར་	ལ་	PART
།		PUNCT
དམ་པ་	དམ་པ་	VERB
འི་	གི་	PART
ཆོ་	ཆོ་	NOUN
སྨྲ་	སྨྲ་	VERB
ཞིང་	ཅིང་	PART
སྤྱོད་པ་	སྤྱོད་པ་	VERB
།		PUNCT
སེམས་	སེམས་	NOUN
ཤིང་འཛིན་པ་	ཤིང་འཛིན་པ་	NO_POS
།		PUNCT
དམ་པ་	དམ་པ་	VERB
འི་	གི་	PART
ཆོ་	ཆོ་	NOUN
ལ་	ལ་	PART
བརྟེན་	བརྟེན་	VERB
ཞིང་	ཅིང་	PART
མཆོད་	མཆོད་	VERB
ལ་	ལ་	PART
བྱ་བ་	བྱ་བ་	VERB
བྱེད་པ་	བྱེད་པ་	VERB
།		PUNCT
རང་བཞིན་	རང་བཞིན་	NOUN
གྱི་	གི་	PART
དྲང་བ་	དྲང་བ་	VERB
དང་	དང་	NO_POS
དག་པ་	དག་པ་	VERB
།		PUNCT
སྙིང་རྗེ་	སྙིང་རྗེ་	NOUN
ཆེན་པོ་	ཆེན་པོ་	ADJ
འི་	གི་	PART
ཆོས་ཅན་	ཆོས་ཅན་	NOUN
།		PUNCT
རྟག་	རྟག་	VERB
ཏུ་	ལ་	PART
དབེན་པ་	དབེན་པ་	VERB
འི་	གི་	PART
སྤྱོད་ཡུལ་	སྤྱོད་ཡུལ་	NOUN
གྱིས་	གིས་	PART
གཞོལ་བ་	གཞོལ་བ་	VERB
།		PUNCT
དགེ་སློང་	དགེ་སློང་	NOUN
རྡོ་རྗེ་	རྡོ་རྗེ་	NOUN
འཛིན་པ་	འཛིན་པ་	VERB
དགེ་སློང་	དགེ་སློང་	NOUN
ཀུན་དགའ་	ཀུན་དགའ་	PROPN
རིན་ཆེན་	རིན་ཆེན་	OTHER
ཞེ་	ཅེས་	PART
བྱ་བ་	བྱ་བ་	VERB
འི་	གི་	PART
འཕགས་མཆོག་	འཕགས་མཆོག་	OTHER
གཅིག་པུ་པ་	གཅིག་པུ་པ་	ADJ
།		PUNCT
འགྲན་ཟླ་	འགྲན་ཟླ་	NOUN
མེད་པ་	མེད་པ་	VERB
འི་	གི་	PART
སྟོན་པ་	སྟོན་པ་	NOUN
ར་	ལ་	PART
གྱུར་བ་	གྱུར་བ་	VERB
ཞིག་	ཅིག་	PART
དབུ་རུ་	དབུ་རུ་	PROPN
བྱང་	བྱང་	NOUN
གི་	གི་	PART
ཕྱོགས་	ཕྱོགས་	NOUN
འབྲི་	འབྲི་	VERB
སེ་བ་	སེ་བ་	NOUN
བྱང་ཆུབ་	བྱང་ཆུབ་	NOUN
ཀྱི་	གི་	PART
གླིང་	གླིང་	NOUN
སེང་གེ་	སེང་གེ་	NOUN
འི་	གི་	PART
ཁྲི་	ཁྲི་	NUM
བཅུ་གསུམ་པ་	བཅུ་གསུམ་པ་	NO_POS
ར་	ལ་	PART
།		PUNCT
བདུད་	བདུད་	NOUN
ཀྱི་	གི་	PART
སྡེ་	སྡེ་	NOUN
ཕམ་པ་	ཕམ་པ་	VERB
ར་	ལ་	PART
མཛད་པ་	མཛད་པ་	VERB
འི་	གི་	PART
རྡོ་རྗེ་	རྡོ་རྗེ་	NOUN
དྲག་པོ་	དྲག་པོ་	ADJ
ར་	ལ་	PART
ཁྲོས་པ་	ཁྲོས་པ་	VERB
འི་	གི་	PART
ཀྱིལ་	ཀྱིལ་	NO_POS
མོ་	གོ་	PART
སྐྱིལ་ཀྲུང་	སྐྱིལ་ཀྲུང་	NOUN
གཡོ་བ་	གཡོ་བ་	VERB
མེད་པ་	མེད་པ་	VERB
ར་	ལ་	PART
བཞད་པ་	བཞད་པ་	PROPN
འི་	གི་	PART
དཔའ་བོ་	དཔའ་བོ་	NOUN
ཆེན་པོ་	ཆེན་པོ་	ADJ
ཞིག་	ཅིག་	PART
བྱུང་	བྱུང་	VERB
སྟེ་	སྟེ་	PART
།		PUNCT
དེ་	སྟེ་	PART
ཡི་	གི་	PART
རྣམ་པ་	རྣམ་པ་	NOUN
ར་	ལ་	PART
ཐར་པ་	ཐར་པ་	VERB
ཅུང་ཟད་	ཅུང་ཟད་	ADV
མཚོན་	མཚོན་	NOUN
ན་	ལ་	PART
།		PUNCT
སྐྱེ་བ་	སྐྱེ་བ་	VERB
དང་	དང་	NO_POS
ན་	ལ་	PART
རྒ་	རྒ་	NO_POS
འཆི་བ་	འཆི་བ་	VERB
འི་	གི་	PART
སྡེ་	སྡེ་	NOUN
ཚོགས་	ཚོགས་	NOUN
ལ་	ལ་	ADP
ས་	གིས་	PART
རིང་	རིང་	NOUN
དུ་	ལ་	PART
གྲོལ་	གྲོལ་	VERB
ཀྱང་	ཀྱང་	PART
།		PUNCT
སྡེ་	སྡེ་	NOUN
དེ་ཉིད་	དེ་ཉིད་	NOUN
ལ་	ལ་	PART
ཞུགས་པ་	ཞུགས་པ་	VERB
འི་	གི་	PART
ཁུ་	ཁུ་	NOUN
སྐྱེ་བོ་	སྐྱེ་བོ་	NOUN
ཕལ་པ་	ཕལ་པ་	NOUN
འི་	གི་	PART
མིག་ལམ་	མིག་ལམ་	NO_POS
དུ་	ལ་	PART
བཀོད་	བཀོད་	VERB
དེ་	སྟེ་	PART
།		PUNCT
སྐྱེ་དགུ་	སྐྱེ་དགུ་	NO_POS
ཡོངས་	ཡོངས་	DET
ཀྱི་	གི་	PART
མ་	མ་	PART
འདྲེས་པ་	འདྲེས་པ་	VERB
འི་	གི་	PART
མཛའ་	མཛའ་	VERB
སྡུག་	སྡུག་	VERB
ཆེན་པོ་	ཆེན་པོ་	ADJ
ར་	ལ་	PART
ལྷུན་	ལྷུན་	NOUN
གྱིས་	གིས་	PART
གྲུབ་	གྲུབ་	VERB
ན་	ནས་	PART
གཞལ་	གཞལ་	VERB
དུ་	ལ་	PART
མེད་པ་	མེད་པ་	VERB
འི་	གི་	PART
སེམས་ཅན་	སེམས་ཅན་	NOUN
ཐམས་ཅད་	ཐམས་ཅད་	DET
བླ་	བླ་	NOUN
ན་	ལ་	PART
མེད་པ་	མེད་པ་	VERB
འི་	གི་	PART
བྱང་ཆུབ་	བྱང་ཆུབ་	NOUN
ཀྱི་	གི་	PART
མགྲོན་	མགྲོན་	NOUN
དུ་	ལ་	PART
གཉེར་བ་	གཉེར་བ་	VERB
ལ་	ལ་	PART
ཞུམ་པ་	ཞུམ་པ་	VERB
མི་	མི་	PART
མངའ་བ་	མངའ་བ་	VERB
།		PUNCT
སྔགས་	སྔགས་	NOUN
དང་	དང་	NO_POS
སྨན་ཆེན་པོ་	སྨན་ཆེན་པོ་	NO_POS
འི་	གི་	PART
རིག་པ་	རིག་པ་	VERB
།		PUNCT
བཟོའི་		NON_WORD
གནས་	གནས་	NOUN
རྣམ་པ་	རྣམ་པ་	NOUN
མང་པོ་	མང་པོ་	ADJ
ལ་སོགས་	ལ་སོགས་	NO_POS
སྐྱེ་དགུ་	སྐྱེ་དགུ་	NO_POS
ལ་	ལ་	PART
ཐར་པ་	ཐར་པ་	VERB
འི་	གི་	PART
དོན་	དོན་	NOUN
དུ་	ལ་	PART
ཉེ་བ་		
མཁོ་བ་	མཁོ་བ་	VERB
འི་	གི་	PART
ཐབས་	ཐབས་	NOUN
མ་ལུས་པ་	མ་ལུས་པ་	OTHER
ཕུན་སུམ་	ཕུན་སུམ་	OTHER
ཚོགས་པ་	ཚོགས་པ་	VERB
འི་	གི་	PART
མཐ་	མཐའ་	NOUN
ར་	ལ་	PART
ཕྱིན་	ཕྱིན་	VERB
ཏེ་	སྟེ་	PART
།		PUNCT
འཇིག་རྟེན་	འཇིག་རྟེན་	NOUN
གྱི་	གི་	PART
ཡ་མཚན་	ཡ་མཚན་	ADJ
སྣ་ཚོགས་པ་	སྣ་ཚོགས་པ་	DET
ཇི་སྙེད་	ཇི་སྙེད་	OTHER
མཆིས་པ་	མཆིས་པ་	VERB
འི་	གི་	PART
འབྱུང་ཁུངས་	འབྱུང་ཁུངས་	OTHER
གཉིས་པ་	གཉིས་པ་	NUM
མེད་པ་	མེད་པ་	VERB
།		PUNCT
ལྟ་བ་	ལྟ་བ་	VERB
ཐ་དད་པ་	ཐ་དད་པ་	ADJ
འི་	གི་	PART
མདུད་པ་	མདུད་པ་	NOUN
རྣམས་	རྣམས་	DET
དགྲོལ་	དགྲོལ་	VERB
ཞིང་	ཅིང་	PART
གང་དང་གང་	གང་དང་གང་	NO_POS
ལ་མོ་	ལ་མོ་	OTHER
ས་པ་	ས་པ་	PART
སྣ་ཚོགས་པ་	སྣ་ཚོགས་པ་	DET
འི་	གི་	PART
ངོ་	ངོ་	PART
ར་	ལ་	PART
།		PUNCT
ཉི་ཟླ་	ཉི་ཟླ་	NOUN
དང་	དང་	NO_POS
ཚངས་པ་	ཚངས་པ་	PROPN
དང་	དང་	NO_POS
བརྒྱ་བྱིན་	བརྒྱ་བྱིན་	PROPN
དང་	དང་	NO_POS
འབྱུང་བ་	འབྱུང་བ་	VERB
ཆེན་པོ་	ཆེན་པོ་	ADJ
ལ་སོགས་པ་	ལ་སོགས་པ་	NO_POS
ར་	ལ་	PART
རྫུ་འཕྲུལ་	རྫུ་འཕྲུལ་	NOUN
གྱིས་	གིས་	PART
རྩེན་	རྩེན་	NO_POS
ཞིང་	ཅིང་	PART
།		PUNCT
ནད་	ནད་	NOUN
ཀྱི་	གི་	PART
གདུང་བ་	གདུང་བ་	VERB
མཐའ་དག་	མཐའ་དག་	DET
ལ་	ལ་	PART
ནི་	ནི་	NO_POS
རྩི་	རྩི་	NOUN
འི་	གི་	PART
མཆོག་	མཆོག་	ADJ
དང་	དང་	NO_POS
།		PUNCT
བྲོ་	བྲོ་	VERB
འཚལ་བ་	འཚལ་བ་	VERB
ས་	གིས་	PART
མན་	མནའ་	NOUN
ར་	ལ་	PART
རོ་	རོ་	NOUN
ཅོག་ལ་	ཅོག་ལ་	NO_POS
རོ་	རོ་	NOUN
བྲོ་བ་	བྲོ་བ་	VERB
འི་	གི་	PART
མྱོང་བ་	མྱོང་བ་	VERB
དང་	དང་	NO_POS
།		PUNCT
མཚོན་	མཚོན་	NOUN
གྱིས་	གིས་	PART
གཙེས་	གཙེས་	VERB
ཤིང་	ཅིང་	PART
གཤུངས་		NON_WORD
སོ་	གོ་	PART
ཅོག་ལ་	ཅོག་ལ་	NO_POS
རེག་བྱ་	རེག་བྱ་	NOUN
འཇམ་པ་	འཇམ་པ་	VERB
འི་	གི་	PART
བྱམས་པ་	བྱམས་པ་	PROPN
ལ་	ལ་	PART
འགོད་པ་	འགོད་པ་	VERB
ར་	ལ་	PART
མཛད་	མཛད་	VERB
ལ་	ལ་	PART
།		PUNCT
འགྲོ་བ་	འགྲོ་བ་	VERB
དེ་	སྟེ་	PART
ཐམས་ཅད་	ཐམས་ཅད་	DET
གནོད་པ་	གནོད་པ་	VERB
འི་	གི་	PART
སེམས་	སེམས་	NOUN
མེད་པ་	མེད་པ་	VERB
ལ་	ལ་	PART
གཟུད་	གཟུད་	NO_POS
ན་	ནས་	PART
ཕྱི་	ཕྱི་	NOUN
ནང་	ནང་	NOUN
གི་	གི་	PART
གཡུལ་	གཡུལ་	NOUN
ཆེན་པོ་	ཆེན་པོ་	ADJ
ར་	ལ་	PART
མི་	མི་	PART
གཏོགས་པ་	གཏོགས་པ་	VERB
ར་	ལ་	PART
འཛིན་	འཛིན་	VERB
དུ་	ལ་	PART
འཇུག་	འཇུག་	VERB
སྟེ་	སྟེ་	PART
།		PUNCT
སེམས་དཔའ་	སེམས་དཔའ་	NOUN
སྟོབས་པོ་	སྟོབས་པོ་	NOUN
ཆེ་	ཆེ་	VERB
དེ་	དེ་	DET
ས་	གིས་	PART
ནི་	ནི་	NO_POS
འགྲོ་བ་	འགྲོ་བ་	VERB
མུ་མེད་པ་	མུ་མེད་པ་	OTHER
ཐམས་ཅད་	ཐམས་ཅད་	DET
བྱང་ཆུབ་	བྱང་ཆུབ་	NOUN
ཀྱི་	གི་	PART
སེམས་	སེམས་	NOUN
ཁོ་ན་	ཁོ་ན་	DET
ལ་	ལ་	PART
ཕྱོགས་	ཕྱོགས་	NOUN
གཅིག་	གཅིག་	NUM
ཏུ་	ལ་	PART
བཟླུམ་	བཟླུམ་	NO_POS
ཞིང་	ཅིང་	PART
འདུལ་བ་	འདུལ་བ་	VERB
དང་	དང་	NO_POS
དགའ་བ་	དགའ་བ་	VERB
བྱེད་པ་	བྱེད་པ་	VERB
འབའ་ཞིག་	འབའ་ཞིག་	NO_POS
ལ་	ལ་	ADP
ས་	གིས་	PART
གཞན་	གཞན་	DET
དུ་	ལ་	PART
མི་	མི་	PART
དྲང་བ་	དྲང་བ་	VERB
།		PUNCT
དེ་	དེ་	DET
འི་	གི་	PART
ཕྱི་	ཕྱི་	OTHER
སངས་རྒྱས་	སངས་རྒྱས་	NOUN
ཀྱི་	གི་	PART
ཞིང་	ཅིང་	PART
བསམ་	བསམ་	NOUN
གྱིས་	གིས་	PART
མི་	མི་	PART
ཁྱབ་པ་	ཁྱབ་པ་	VERB
ཇི་སྙེད་	ཇི་སྙེད་	OTHER
ན་	ལ་	PART
དམྱལ་བ་	དམྱལ་བ་	NOUN
འི་	གི་	PART
འཇིག་རྟེན་	འཇིག་རྟེན་	NOUN
གྱི་	གི་	PART
ཞིང་	ཅིང་	PART
བསམ་	བསམ་	NOUN
གྱིས་	གིས་	PART
མི་	མི་	PART
ཁྱབ་པ་	ཁྱབ་པ་	VERB
འི་	གི་	PART
བ་	བ་	NOUN
བསམས་	བསམས་	VERB
བཞིན་	བཞིན་	NOUN
དུ་	ལ་	PART
ལུས་	ལུས་	NOUN
མཐའ་	མཐའ་	NOUN
ཡ་		
ཤིང་	ཅིང་	PART
ངག་	ངག་	NOUN
སྣ་ཚོགས་	སྣ་ཚོགས་	DET
ལ་	ལ་	PART
སེམས་	སེམས་	NOUN
ཀྱི་	གི་	PART
ཏིང་ངེ་འཛིན་	ཏིང་ངེ་འཛིན་	NOUN
གྱི་	གི་	PART
གོ་	གོ་	PART
འབྱམས་	འབྱམས་	NO_POS
ཀླས་པ་	ཀླས་པ་	NO_POS
ས་	གིས་	PART
འགྲོ་འོང་	འགྲོ་འོང་	NOUN
འཇུག་པ་	འཇུག་པ་	VERB
མི་ཟད་པ་	མི་ཟད་པ་	NO_POS
།		PUNCT
དེ་ཡང་	དེ་ཡང་	ADV
གྱ་གྱུ་	གྱ་གྱུ་	NOUN
འི་	གི་	PART
ངང་ཚུལ་	ངང་ཚུལ་	OTHER
གྱིས་	གིས་	PART
མ་	མ་	PART
ཡིན་	ཡིན་	NO_POS
ཏེ་	སྟེ་	PART
།		PUNCT
ཟབ་མོ་	ཟབ་མོ་	ADJ
འི་	གི་	PART
ངོ་བོ་	ངོ་བོ་	NOUN
ཉིད་	ཉིད་	DET
ཀྱིས་	གིས་	PART
འདོད་པ་	འདོད་པ་	VERB
འི་	གི་	PART
ལོངས་སྤྱོད་པ་	ལོངས་སྤྱོད་པ་	NOUN
རྣམས་	རྣམས་	DET
དང་	དང་	NO_POS
།		PUNCT
བསམ་གཏན་	བསམ་གཏན་	NOUN
ལ་	ལ་	PART
བསམ་གཏན་	བསམ་གཏན་	NOUN
དུ་	ལ་	PART
སྟོན་	སྟོན་	VERB
ཞིང་	ཅིང་	PART
གཟུགས་	གཟུགས་	NOUN
མེད་པ་	མེད་པ་	VERB
འི་	གི་	PART
སྐྱེ་མཆེད་	སྐྱེ་མཆེད་	NOUN
ལ་	ལ་	PART
སྐྱེ་མཆེད་	སྐྱེ་མཆེད་	NOUN
དེ་ཉིད་	དེ་ཉིད་	NOUN
ཀྱི་	གི་	PART
སྤྱོད་ཡུལ་	སྤྱོད་ཡུལ་	NOUN
ཡངས་པ་	ཡངས་པ་	ADJ
ར་	ལ་	PART
བསྟན་	བསྟན་	VERB
ཀྱང་	ཀྱང་	PART
བདུད་	བདུད་	NOUN
ཀྱི་	གི་	PART
གླགས་	གླགས་	VERB
སུ་	ལ་	PART
གྱུར་པ་	གྱུར་པ་	VERB
འི་	གི་	PART
སྐབས་	སྐབས་	NOUN
མི་	མི་	PART
སྟོན་པ་	སྟོན་པ་	NOUN
ར་	ལ་	PART
།		PUNCT
དཔེར་ན་	དཔེར་ན་	NO_POS
འབར་བ་	འབར་བ་	VERB
འི་	གི་	PART
ཕུང་པོ་	ཕུང་པོ་	NOUN
མི་བཟད་པ་	མི་བཟད་པ་	NO_POS
དུ་	ལ་	PART
ལོང་	ལོང་	VERB
དང་	དང་	NO_POS
བཅས་པ་	བཅས་པ་	VERB
འི་	གི་	PART
དབུ་	དབུ་	NOUN
ན་	ལ་	PART
།		PUNCT
པདྨ་	པདྨ་	NOUN
གསར་པ་	གསར་པ་	VERB
འི་	གི་	PART
འདབ་མ་	འདབ་མ་	NOUN
དང་	དང་	NO_POS
གེ་སར་	གེ་སར་	PROPN
དང་	དང་	NO_POS
ཟེའུ་འབྲུ་	ཟེའུ་འབྲུ་	NOUN
དང་	དང་	NO_POS
ལོ་འདབ་	ལོ་འདབ་	NOUN
སྡོང་པོ་	སྡོང་པོ་	NOUN
མ་	མ་	PART
ཉམས་པ་	ཉམས་པ་	VERB
ར་	ལ་	PART
སྦྲང་རྩི་	སྦྲང་རྩི་	NOUN
གཞོན་ནུ་	གཞོན་ནུ་	ADJ
འི་	གི་	PART
ཟིལ་པ་	ཟིལ་པ་	OTHER
དང་	དང་	NO_POS
བཅའ་	བཅའ་	VERB
ན་	ནས་	PART
འདུག་པ་	འདུག་པ་	VERB
ལྟ་	ལྟ་	OTHER
།		PUNCT
ངོ་མཚར་	ངོ་མཚར་	ADJ
གྱི་	གི་	PART
སྙིང་པོ་	སྙིང་པོ་	NOUN
འི་	གི་	PART
ཕྱིར་ཡང་	ཕྱིར་ཡང་	PART
དག་པ་	དག་པ་	VERB
འི་	གི་	PART
སྨན་ཡོན་	སྨན་ཡོན་	NO_POS
ཆེན་པོ་	ཆེན་པོ་	ADJ
ལ་	ལ་	PART
འཇུག་པ་	འཇུག་པ་	VERB
འི་	གི་	PART
དོན་	དོན་	NOUN
དུ་	ལ་	PART
ཡང་དག་པ་	ཡང་དག་པ་	ADJ
མ་ཡིན་པ་	མ་ཡིན་པ་	OTHER
ར་	ལ་	PART
ཡང་	ཀྱང་	PART
སྟོན་	སྟོན་	VERB
ཏེ་	སྟེ་	PART
།		PUNCT
སྐྱེ་བོ་	སྐྱེ་བོ་	NOUN
རེག་བྱ་	རེག་བྱ་	NOUN
འི་	གི་	PART
འདོད་པ་	འདོད་པ་	VERB
ལ་	ལ་	PART
སེམས་	སེམས་	NOUN
ཞུགས་པ་	ཞུགས་པ་	VERB
རྣམས་	རྣམས་	DET
ལ་	ལ་	PART
གཟུགས་	གཟུགས་	NOUN
འཚོང་	འཚོང་	NO_POS
དུ་	ལ་	PART
བསྒྱུར་	བསྒྱུར་	VERB
ཏེ་	སྟེ་	PART
།		PUNCT
འདོད་ཆགས་	འདོད་ཆགས་	NOUN
ཀྱི་	གི་	PART
ལྕགས་	ལྕགས་	NOUN
ཀྱི་	གི་	PART
དྲངས་	དྲངས་	NO_POS
ན་	ནས་	PART
རྫོགས་པ་	རྫོགས་པ་	VERB
འི་	གི་	PART
སངས་རྒྱས་	སངས་རྒྱས་	NOUN
ཀྱི་	གི་	PART
ཡེ་ཤེས་	ཡེ་ཤེས་	NOUN
ལ་	ལ་	PART
འགོད་པ་	འགོད་པ་	VERB
དང་	དང་	NO_POS
།		PUNCT
དེ་བཞིན་	དེ་བཞིན་	OTHER
དུ་	ལ་	PART
གྲོང་མི་	གྲོང་མི་	NOUN
དང་	དང་	NO_POS
དེད་དཔོན་	དེད་དཔོན་	NOUN
དང་	དང་	NO_POS
མདུན་ན་འདོན་	མདུན་ན་འདོན་	NOUN
དང་	དང་	NO_POS
གནའ་	གནའ་	NO_POS
ཆེན་པོ་	ཆེན་པོ་	ADJ
དང་	དང་	NO_POS
རྒྱལ་ཚབ་	རྒྱལ་ཚབ་	NOUN
གཞོན་ནུ་	གཞོན་ནུ་	ADJ
དང་	དང་	NO_POS
རིགས་	རིགས་	NOUN
ཀྱི་	གི་	PART
སྤྱི་བོ་	སྤྱི་བོ་	NOUN
ན་	ནས་	PART
དབང་	དབང་	NOUN
བསྐུར་བ་	བསྐུར་བ་	VERB
འི་	གི་	PART
རྒྱལ་པོ་	རྒྱལ་པོ་	NOUN
ཆེན་པོ་	ཆེན་པོ་	ADJ
དཔུང་	དཔུང་	NOUN
གི་	གི་	PART
ཚོགས་	ཚོགས་	NOUN
ཡན་ལག་	ཡན་ལག་	NOUN
བཞི་	བཞི་	NUM
ས་	གིས་	PART
ལྷུན་ཆགས་པ་	ལྷུན་ཆགས་པ་	NO_POS
ར་	ལ་	PART
གྱུར་	གྱུར་	VERB
ཏེ་	སྟེ་	PART
།		PUNCT
ཚུལ་	ཚུལ་	NOUN
དེ་	སྟེ་	PART
དང་	དང་	NO_POS
སྤྱོད་པ་	སྤྱོད་པ་	VERB
དེ་ཉིད་	དེ་ཉིད་	NOUN
ཀྱི་	གི་	PART
ཞགས་པ་	ཞགས་པ་	NOUN
ས་	གིས་	PART
དཀྲིས་		NON_WORD
ཏེ་	སྟེ་	PART
བདེ་བ་	བདེ་བ་	VERB
ར་	ལ་	PART
གཤེགས་པ་	གཤེགས་པ་	VERB
འི་	གི་	PART
ཆོ་	ཆོ་	NOUN
ཀྱི་	གི་	PART
སྐུ་	སྐུ་	NOUN
རོ་	རོ་	NOUN
གཅིག་	གཅིག་	NUM
ཏུ་	ལ་	PART
སྡོམ་པ་	སྡོམ་པ་	NOUN
དང་	དང་	NO_POS
།		PUNCT
དབུལ་	དབུལ་	NO_POS
ཞིང་	ཅིང་	PART
ཕོངས་པ་	ཕོངས་པ་	VERB
དག་	དག་	DET
ལ་	ལ་	PART
འབྲུ་དང་	འབྲུ་དང་	NO_POS
དབྱིག་	དབྱིག་	NOUN
དང་	དང་	NO_POS
ནོར་བུ་	ནོར་བུ་	NOUN
དང་	དང་	NO_POS
གོ་	གོ་	NOUN
ལ་སོགས་པ་	ལ་སོགས་པ་	NO_POS
མི་ཟད་པ་	མི་ཟད་པ་	NO_POS
འི་	གི་	PART
གཏེར་ཆེན་པོ་	གཏེར་ཆེན་པོ་	OTHER
ར་	ལ་	PART
སྒྲུབ་	སྒྲུབ་	VERB
ཅིང་	ཅིང་	PART
།		PUNCT
སྦྱིན་པ་	སྦྱིན་པ་	VERB
དེ་	དེ་	DET
འི་	གི་	PART
མཐུ་	མཐུ་	NOUN
ལས་བྱང་	ལས་བྱང་	OTHER
ཆུབ་	ཆུབ་	VERB
ཀྱི་	གི་	PART
སེམས་	སེམས་	NOUN
ངང་	ངང་	NOUN
གིས་	གིས་	PART
བསྐྱེད་པ་	བསྐྱེད་པ་	VERB
ར་	ལ་	PART
འགྱུར་	འགྱུར་	VERB
ལ་	ལ་	PART
།		PUNCT
གང་	གང་	NO_POS
དམན་པ་	དམན་པ་	VERB
འི་	གི་	PART
གནས་	གནས་	NOUN
ལ་	ལ་	PART
ང་རྒྱལ་	ང་རྒྱལ་	NOUN
དང་	དང་	NO_POS
ཁེངས་པ་	ཁེངས་པ་	VERB
འི་	གི་	PART
དྲི་མ་	དྲི་མ་	NOUN
ས་	གིས་	PART
སྦགས་པ་	སྦགས་པ་	VERB
འི་	གི་	PART
ཕྲག་དོག་	ཕྲག་དོག་	NOUN
གི་	གི་	PART
མཆེ་བ་	མཆེ་བ་	NOUN
འི་	གི་	PART
དུག་	དུག་	NOUN
རྩུབ་མོ་	རྩུབ་མོ་	ADJ
ར་	ལ་	PART
འཛིན་པ་	འཛིན་པ་	VERB
ལ་	ལ་	PART
།		PUNCT
མཆོག་	མཆོག་	ADJ
གི་	གི་	PART
གནས་	གནས་	NOUN
ཐོབ་པ་	ཐོབ་པ་	VERB
ལ་	ལ་	PART
བསྙེམས་པ་	བསྙེམས་པ་	VERB
ཡོངས་སུ་	ཡོངས་སུ་	NO_POS
བཏང་བ་	བཏང་བ་	VERB
འི་	གི་	PART
སྨན་ཆེན་པོ་	སྨན་ཆེན་པོ་	NO_POS
འི་	གི་	PART
ནུས་པ་	ནུས་པ་	VERB
མངར་པའ་	མངར་པོ་	VERB
ར་	ལ་	PART
བསྟན་པ་	བསྟན་པ་	VERB
ས་	གིས་	PART
དྲེགས་པ་	དྲེགས་པ་	VERB
འི་	གི་	PART
མཆེ་	མཆེ་	NO_POS
དུག་	དུག་	NOUN
རང་བཞིན་	རང་བཞིན་	NOUN
གྱིས་	གིས་	PART
ཐུལ་བ་	ཐུལ་བ་	VERB
ར་	ལ་	PART
མཛད་པ་	མཛད་པ་	VERB
།		PUNCT
ཀུན་	ཀུན་	DET
ན་	ནས་	PART
འཇིགས་	འཇིགས་	VERB
ཤིང་	ཅིང་	PART
དངངས་	དངངས་	NO_POS
ལ་	ལ་	PART
སྐྲག་	སྐྲག་	VERB
ཅིང་	ཅིང་	PART
སྐྱི་	སྐྱི་	NO_POS
ཟ་བ་	ཟ་བ་	VERB
འི་	གི་	PART
སེམས་ཅན་	སེམས་ཅན་	NOUN
གང་	གང་	NO_POS
མཆིས་པ་	མཆིས་པ་	VERB
རེ་རེ་	རེ་རེ་	DET
འི་	གི་	PART
དྲུང་	དྲུང་	NOUN
དུ་	ལ་	PART
ཡང་	ཀྱང་	PART
མི་	མི་	PART
འཇིགས་པ་	འཇིགས་པ་	VERB
སྦྱིན་པ་	སྦྱིན་པ་	VERB
འི་	གི་	PART
གོམ་སྟབས་	གོམ་སྟབས་	OTHER
དང་	དང་	NO_POS
།		PUNCT
བར་ཆད་	བར་ཆད་	NOUN
ཀྱི་	གི་	PART
ཕྱོགས་	ཕྱོགས་	NOUN
བསྡིགས་པ་	བསྡིགས་པ་	NO_POS
འི་	གི་	PART
ཕྱག་རྒྱ་	ཕྱག་རྒྱ་	NOUN
སྣ་ཚོགས་པ་	སྣ་ཚོགས་པ་	DET
འི་	གི་	PART
རོལ་པ་	རོལ་པ་	VERB
སྟོན་	སྟོན་	VERB
ཏེ་	སྟེ་	PART
།		PUNCT
མདུན་	མདུན་	NOUN
ན་མོ་	ན་མོ་	X
ར་	ལ་	PART
རྟག་པ་	རྟག་པ་	VERB
ར་	ལ་	PART
འཚོ་	འཚོ་	VERB
ཞིང་	ཅིང་	PART
གཞེས་པ་	གཞེས་པ་	NO_POS
།		PUNCT
མདོར་ན་	མདོར་ན་	NO_POS
འཇིགས་པ་	འཇིགས་པ་	VERB
སྲུང་བ་	སྲུང་བ་	VERB
དང་	དང་	NO_POS
ཉིད་	ཉིད་	DET
ཀྱི་	གི་	PART
ཕྱི་	ཕྱི་	OTHER
ཕ་རོལ་	ཕ་རོལ་	NOUN
ཏུ་	ལ་	PART
ཕྱིན་པ་	ཕྱིན་པ་	VERB
དྲུག་	དྲུག་	NUM
སྤྱད་	སྤྱད་	VERB
བཟོ་བ་	བཟོ་བ་	VERB
འི་	གི་	PART
ལམ་	གམ་	PART
དང་	དང་	NO_POS
འབྲེལ་བ་	འབྲེལ་བ་	VERB
འི་	གི་	PART
སྒོ་	སྒོ་	NOUN
ན་	ནས་	PART
ལྷ་	ལྷ་	NOUN
དང་	དང་	NO_POS
ཕྱི་རོལ་པ་	ཕྱི་རོལ་པ་	NOUN
འི་	གི་	PART
དྲང་སྲོང་	དྲང་སྲོང་	NOUN
མངོན་པ་	མངོན་པ་	OTHER
ཤེས་པ་	ཤེས་པ་	VERB
ལྔ་	ལྔ་	NUM
ས་	གིས་	PART
དབང་	དབང་	NOUN
འབྱོར་བ་	འབྱོར་བ་	VERB
།		PUNCT
དཀའ་ཐུབ་	དཀའ་ཐུབ་	NOUN
སྤྱོད་པ་	སྤྱོད་པ་	VERB
ས་	གིས་	PART
ཚངས་པ་	ཚངས་པ་	PROPN
མགུ་བ་	མགུ་བ་	VERB
ལ་	ལ་	PART
ནན་ཏན་	ནན་ཏན་	NOUN
དུ་	ལ་	PART
སྟོན་པ་	སྟོན་པ་	NOUN
དང་	དང་	NO_POS
།		PUNCT
གཞན་	གཞན་	DET
ཡང་བྲན་	ཡང་བྲན་	NO_POS
དང་	དང་	NO_POS
གཡོག་	གཡོག་	NOUN
དང་	དང་	NO_POS
ཞོ་ཤས་འཚོ་བ་	ཞོ་ཤས་འཚོ་བ་	NO_POS
དང་	དང་	NO_POS
སློབ་མ་	སློབ་མ་	NOUN
ལ་ཉེ་	ལ་ཉེ་	NO_POS
བར་གནས་པ་	བར་གནས་པ་	NO_POS
དང་	དང་	NO_POS
ལྷན་ཅིག་	ལྷན་ཅིག་	OTHER
གནས་པ་	གནས་པ་	VERB
འི་	གི་	PART
ཚུལ་	ཚུལ་	NOUN
གྱིས་	གིས་	PART
ཀྱང་	ཀྱང་	PART
འགྲོ་བ་	འགྲོ་བ་	VERB
འི་	གི་	PART
ཡན་ལག་	ཡན་ལག་	NOUN
དུ་མ་	དུ་མ་	ADJ
ས་	གིས་	PART
།		PUNCT
སེམས་ཅན་	སེམས་ཅན་	NOUN
གླེན་པ་	གླེན་པ་	VERB
དམ་པ་	དམ་པ་	VERB
འི་	གི་	PART
ཆོ་	ཆོ་	NOUN
ཀྱི་	གི་	PART
མིག་འབྲས་	མིག་འབྲས་	NOUN
ལྡོངས་པ་	ལྡོངས་པ་	NO_POS
རྣམས་	རྣམས་	DET
ལ་	ལ་	PART
སྣང་བ་	སྣང་བ་	VERB
ཆེན་པོ་	ཆེན་པོ་	ADJ
ལ་	ལ་	PART
བརྟོད་པ་	བརྟོད་པ་	NO_POS
ར་	ལ་	PART
ནུས་པ་	ནུས་པ་	VERB
འི་	གི་	PART
བློ་མིག་	བློ་མིག་	NO_POS
ཀུན་དག་	ཀུན་དགའ་	PROPN
ར་	ལ་	PART
བྱེད་པ་	བྱེད་པ་	VERB
གསལ་བ་	གསལ་བ་	VERB
ར་	ལ་	PART
བརྟོད་	བརྟོད་	NO_POS
ཅིང་	ཅིང་	PART
།		PUNCT
དེ་ལྟ་	དེ་ལྟ་	NO_POS
བུ་	བུ་	NOUN
འི་	གི་	PART
སྨིན་པ་	སྨིན་པ་	VERB
དང་	དང་	NO_POS
གྲོལ་བ་	གྲོལ་བ་	VERB
དང་	དང་	NO_POS
སློབ་མ་	སློབ་མ་	NOUN
འི་	གི་	PART
ཚོགས་	ཚོགས་	NOUN
བསྡུ་བ་	བསྡུ་བ་	VERB
དང་	དང་	NO_POS
།		PUNCT
བསྡུ་བ་	བསྡུ་བ་	VERB
འི་	གི་	PART
འབྲས་བུ་	འབྲས་བུ་	NOUN
མཐ་	མཐའ་	NOUN
ས་	གིས་	PART
མི་	མི་	PART
གཏུགས་པ་	གཏུགས་པ་	VERB
ར་	ལ་	PART
འཕེལ་བ་	འཕེལ་བ་	VERB
འི་	གི་	PART
ཡོན་ཏན་	ཡོན་ཏན་	NOUN
ནི་	ནི་	NO_POS
སངས་རྒྱས་	སངས་རྒྱས་	NOUN
བཅོམ་ལྡན་འདས་	བཅོམ་ལྡན་འདས་	NOUN
ནོངས་པ་	ནོངས་པ་	VERB
ཐམས་ཅད་	ཐམས་ཅད་	DET
ཀྱིས་	གིས་	PART
བཟུང་བ་	བཟུང་བ་	VERB
མིན་པ་	མིན་པ་	VERB
དེ་	དེ་	DET
ས་	གིས་	PART
ཀྱང་	ཀྱང་	PART
བརྗོད་པ་	བརྗོད་པ་	VERB
ར་	ལ་	PART
དཀའ་	དཀའ་	VERB
ན་	ལ་	PART
གཞན་	གཞན་	DET
ལྟ་ཅི་	ལྟ་ཅི་	NO_POS
སྨོས་	སྨོས་	VERB
།		PUNCT
དེས་ན་	དེས་ན་	NO_POS
བྱང་ཆུབ་	བྱང་ཆུབ་	NOUN
སེམས་དཔའ་	སེམས་དཔའ་	NOUN
ཆེན་པོ་	ཆེན་པོ་	ADJ
འདི་	འདི་	DET
ལྟ་བུ་	ལྟ་བུ་	NOUN
འི་	གི་	PART
སངས་རྒྱས་	སངས་རྒྱས་	NOUN
ཀྱི་	གི་	PART
ཞིང་	ཅིང་	PART
ཀུན་	ཀུན་	DET
ཏུ་	ལ་	PART
བཟང་པོ་	བཟང་པོ་	ADJ
ས་	གིས་	PART
མཆོད་སྤྲིན་	མཆོད་སྤྲིན་	OTHER
གྱི་	གི་	PART
དགེ་བ་	དགེ་བ་	VERB
ས་	གིས་	PART
འགེངས་པ་	འགེངས་པ་	VERB
འི་	གི་	PART
ཚུལ་	ཚུལ་	NOUN
ཡང་	ཀྱང་	PART
མེ་ཏོག་	མེ་ཏོག་	NOUN
དང་	དང་	NO_POS
བདུག་པ་	བདུག་པ་	NO_POS
དང་	དང་	NO_POS
སྤོ་	སྤོ་	NOUN
དང་	དང་	NO_POS
ཕྲེང་བ་	ཕྲེང་བ་	NOUN
དང་	དང་	NO_POS
ཕྱེ་མ་	ཕྱེ་མ་	OTHER
དང་	དང་	NO_POS
ན་བཟའ་	ན་བཟའ་	NOUN
དང་	དང་	NO_POS
གདུགས་	གདུགས་	NOUN
དང་	དང་	NO_POS
བླ་བྲེ་	བླ་བྲེ་	NO_POS
དང་	དང་	NO_POS
རིན་པོ་ཆེ་	རིན་པོ་ཆེ་	ADJ
འི་	གི་	PART
རྒྱན་འཕྲེང་	རྒྱན་འཕྲེང་	NO_POS
ཟ་	ཟ་	VERB
རམ་	གམ་	PART
ཚ་	ཚ་	VERB
དང་	དང་	NO_POS
།		PUNCT
རྒྱལ་མཚན་	རྒྱལ་མཚན་	NOUN
དང་བ་	དང་བ་	NOUN
དན་	དན་	OTHER
དང་	དང་	NO_POS
མལ་ཁྲི་	མལ་ཁྲི་	NO_POS
དང་	དང་	NO_POS
ད་	ད་	NOUN
གྱི་	གི་	PART
ལྡ་ལྡི་	ལྡ་ལྡི་	NOUN
འི་	གི་	PART
ཆུན་	ཆུན་	NO_POS
འཕྱང་	འཕྱང་	NO_POS
ལ་སོགས་པ་	ལ་སོགས་པ་	NO_POS
རེ་རེ་	རེ་རེ་	DET
བཞིན་	བཞིན་	NOUN
གྲངས་	གྲངས་	NOUN
ཀྱིས་	གིས་	PART
མི་	མི་	PART
ལང་བ་	ལང་བ་	VERB
།		PUNCT
དག་	དག་	DET
ཅིང་	ཅིང་	PART
གསལ་	གསལ་	VERB
ལ་	ལ་	PART
སྲིད་	སྲིད་	NOUN
དང་	དང་	NO_POS
ཞེང་	ཞེང་	NO_POS
གི་	གི་	PART
རྒྱ་ཁྱོན་	རྒྱ་ཁྱོན་	NO_POS
གྱི་	གི་	PART
ཚད་	ཚད་	NOUN
ཡོངས་སུ་	ཡོངས་སུ་	NO_POS
དཔགས་པ་	དཔགས་པ་	NO_POS
མིན་པ་	མིན་པ་	VERB
།		PUNCT
དྭངས་	དྭངས་	NO_POS
ཤིང་	ཅིང་	PART
འོད་ཟེར་	འོད་ཟེར་	NOUN
སྣ་ཚོགས་	སྣ་ཚོགས་	DET
སྤྲོ་བ་	སྤྲོ་བ་	VERB
རྙིང་པ་	རྙིང་པ་	VERB
ར་	ལ་	PART
མི་	མི་	PART
འགྱུར་	འགྱུར་	VERB
ཞིང་	ཅིང་	PART
ནག་ནོག་	ནག་ནོག་	NO_POS
གི་	གི་	PART
ཁ་དོག་	ཁ་དོག་	NOUN
དང་	དང་	NO_POS
ཡིད་	ཡིད་	NOUN
དུ་	ལ་	PART
མི་	མི་	PART
འོང་བ་	འོང་བ་	VERB
འི་	གི་	PART
དབྱིབས་	དབྱིབས་	NOUN
མི་	མི་	PART
ལེན་པ་	ལེན་པ་	VERB
རེ་རེ་	རེ་རེ་	DET
ལ་	ལ་	ADP
ས་	གིས་	PART
ཀྱང་	ཀྱང་	PART
གྲངས་མེད་	གྲངས་མེད་	NOUN
དུ་	ལ་	PART
འཕེལ་	འཕེལ་	VERB
ཞིང་	ཅིང་	PART
མཁོ་བ་	མཁོ་བ་	VERB
མིན་པ་	མིན་པ་	VERB
འི་	གི་	PART
ཡོ་བྱད་	ཡོ་བྱད་	NOUN
དལ་བ་		
མི་	མི་	PART
གནས་པ་	གནས་པ་	VERB
།		PUNCT
སངས་རྒྱས་	སངས་རྒྱས་	NOUN
ཀྱི་	གི་	PART
ཞིང་	ཅིང་	PART
ཡོད་དོ་ཅོག་	ཡོད་དོ་ཅོག་	NO_POS
འབྱོར་ཚོགས་	འབྱོར་ཚོགས་	NO_POS
དེ་སྙེད་	དེ་སྙེད་	NO_POS
ཀྱིས་	གིས་	PART
བར་མཚམས་	བར་མཚམས་	NOUN
མེད་པ་	མེད་པ་	VERB
ར་	ལ་	PART
བཀྲམ་	བཀྲམ་	VERB
ཞིང་བདག་	ཞིང་བདག་	NO_POS
ཏུ་	ལ་	PART
འཛིན་པ་	འཛིན་པ་	VERB
མེད་པ་	མེད་པ་	VERB
ས་	གིས་	PART
ཡོ་བྱད་	ཡོ་བྱད་	NOUN
དེ་དག་	དེ་དག་	OTHER
ཅི་དགའ་	ཅི་དགའ་	NO_POS
བ་	བ་	NOUN
མཆོད་	མཆོད་	VERB
ཅིང་	ཅིང་	PART
།		PUNCT
དགྱེས་	དགྱེས་	NO_POS
དགུ་	དགུ་	NUM
ར་	ལ་	PART
རོལ་བ་	རོལ་བ་	VERB
འི་	གི་	PART
ཚིམ་པ་	ཚིམ་པ་	VERB
མུ་མེད་པ་	མུ་མེད་པ་	OTHER
དུས་	དུས་	NOUN
ཇི་སྲིད་	ཇི་སྲིད་	PRON
བ་	བ་	NOUN
རྟག་པ་	རྟག་པ་	VERB
ར་	ལ་	PART
དམ་པ་	དམ་པ་	VERB
འི་	གི་	PART
དབང་པོ་	དབང་པོ་	NOUN
ར་	ལ་	PART
གྱུར་པ་	གྱུར་པ་	VERB
ལ་	ལ་	ADP
ས་	གིས་	PART
རྣམ་པ་	རྣམ་པ་	NOUN
ར་	ལ་	PART
འཕྲུལ་པ་	འཕྲུལ་པ་	VERB
ནི་	ནི་	NO_POS
དེ་	དེ་	DET
འི་	གི་	PART
ངང་ཚུལ་	ངང་ཚུལ་	OTHER
གྱི་	གི་	PART
སྒོ་	སྒོ་	NOUN
ན་	ནས་	PART
ཏེ་	སྟེ་	PART
།		PUNCT
དེ་	དེ་	DET
འི་	གི་	PART
བསོད་ནམས་	བསོད་ནམས་	NOUN
ཀྱང་	ཀྱང་	PART
རང་	རང་	PRON
གིར་		NON_WORD
བཞེས་པ་	བཞེས་པ་	VERB
ལས་མ་	ལས་མ་	NO_POS
ཡིན་	ཡིན་	NO_POS
གྱི་	གི་	PART
།		PUNCT
ཏིང་ངེ་འཛིན་	ཏིང་ངེ་འཛིན་	NOUN
གྱི་	གི་	PART
སྦྱོར་བ་	སྦྱོར་བ་	VERB
འི་	གི་	PART
མཆོད་པ་	མཆོད་པ་	VERB
ས་	གིས་	PART
བསྒྲུབས་པ་	བསྒྲུབས་པ་	VERB
འི་	གི་	PART
མཆོག་	མཆོག་	ADJ
གིས་	གིས་	PART
བདུད་རྩི་	བདུད་རྩི་	NOUN
དེ་	སྟེ་	PART
ནི་	ནི་	NO_POS
འགྲོ་བ་	འགྲོ་བ་	VERB
མཐའ་དག་	མཐའ་དག་	DET
ལ་	ལ་	PART
དེ་བཞིན་	དེ་བཞིན་	OTHER
གཤེགས་པ་	གཤེགས་པ་	VERB
མཆོད་པ་	མཆོད་པ་	VERB
འི་	གི་	PART
སྒོ་	སྒོ་	NOUN
དང་	དང་	NO_POS
།		PUNCT
སེམས་ཅན་	སེམས་ཅན་	NOUN
མཐའ་ཡས་པ་	མཐའ་ཡས་པ་	ADJ
ལ་	ལ་	PART
གཏོང་བ་	གཏོང་བ་	VERB
འི་	གི་	PART
སྒོ་	སྒོ་	NOUN
དང་	དང་	NO_POS
།		PUNCT
སྦྱངས་	སྦྱངས་	VERB
ཡོན་	ཡོན་	NOUN
གྱི་	གི་	PART
རྙོགས་པ་	རྙོགས་པ་	VERB
དང་	དང་	NO_POS
བྲལ་བ་	བྲལ་བ་	VERB
འི་	གི་	PART
ཚུལ་	ཚུལ་	NOUN
གྱི་	གི་	PART
སྒོ་	སྒོ་	NOUN
དང་	དང་	NO_POS
།		PUNCT
མི་	མི་	PART
འཁྲུགས་པ་	འཁྲུགས་པ་	VERB
བཟོད་པ་	བཟོད་པ་	VERB
འི་	གི་	PART
སྒོ་	སྒོ་	NOUN
དང་	དང་	NO_POS
།		PUNCT
བརྟུལ་ཕོད་པ་	བརྟུལ་ཕོད་པ་	NO_POS
འི་	གི་	PART
དཀའ་བ་	དཀའ་བ་	VERB
ལེན་པ་	ལེན་པ་	VERB
བརྩོན་པ་	བརྩོན་པ་	VERB
འི་	གི་	PART
སྒོ་	སྒོ་	NOUN
དང་	དང་	NO_POS
།		PUNCT
ཞི་བ་	ཞི་བ་	VERB
ལ་	ལ་	PART
རྣལ་འབྱོར་	རྣལ་འབྱོར་	NOUN
དུ་	ལ་	PART
འཇུག་པ་	འཇུག་པ་	VERB
བསམ་གཏན་	བསམ་གཏན་	NOUN
གྱི་	གི་	PART
སྒོ་	སྒོ་	NOUN
དང་	དང་	NO_POS
།		PUNCT
དོན་	དོན་	NOUN
ལ་	ལ་	PART
རྣམ་པ་	རྣམ་པ་	NOUN
ར་	ལ་	PART
ངེས་པ་	ངེས་པ་	VERB
ཡང་དག་པ་	ཡང་དག་པ་	ADJ
ར་	ལ་	PART
འབྱེད་པ་	འབྱེད་པ་	VERB
ཤེས་རབ་	ཤེས་རབ་	NOUN
ཀྱི་	གི་	PART
སྒོ་	སྒོ་	NOUN
དང་	དང་	NO_POS
།		PUNCT
སྦྱང་བ་	སྦྱང་བ་	VERB
ལ་	ལ་	PART
རྣམ་	རྣམ་	NOUN
ལྡན་	ལྡན་	VERB
ཐབས་	ཐབས་	NOUN
ཀྱི་	གི་	PART
སྒོ་	སྒོ་	NOUN
དང་	དང་	NO_POS
།		PUNCT
ཚངས་	ཚངས་	VERB
གནས་	གནས་	NOUN
དང་	དང་	NO_POS
མངོན་ཤེས་	མངོན་ཤེས་	NOUN
དག་པ་	དག་པ་	VERB
འི་	གི་	PART
སྒོ་	སྒོ་	NOUN
དང་	དང་	NO_POS
།		PUNCT
བསྡུ་བ་	བསྡུ་བ་	VERB
འི་	གི་	PART
དངོས་པོ་	དངོས་པོ་	NOUN
རྒྱུད་	རྒྱུད་	NOUN
མི་	མི་	PART
སྡོད་པ་	སྡོད་པ་	VERB
འི་	གི་	PART
སྒོ་	སྒོ་	NOUN
དང་	དང་	NO_POS
།		PUNCT
ཚོགས་	ཚོགས་	NOUN
རྣམ་པ་	རྣམ་པ་	NOUN
གཉིས་	གཉིས་	NUM
ངོམས་པ་	ངོམས་པ་	VERB
མེད་པ་	མེད་པ་	VERB
ལྟུང་བ་	ལྟུང་བ་	VERB
འི་	གི་	PART
སྒོ་	སྒོ་	NOUN
དང་	དང་	NO_POS
།		PUNCT
སྟོབས་	སྟོབས་	NOUN
དང་	དང་	NO_POS
དབང་པོ་	དབང་པོ་	NOUN
རྣམ་པ་	རྣམ་པ་	NOUN
ར་	ལ་	PART
བྱང་བ་	བྱང་བ་	VERB
འི་	གི་	PART
ལམ་	གམ་	PART
གྱི་	གི་	PART
སྒོ་	སྒོ་	NOUN
དང་	དང་	NO_POS
།		PUNCT
བདེན་པ་	བདེན་པ་	VERB
བཞི་	བཞི་	NUM
དང་	དང་	NO_POS
རྣམ་པ་	རྣམ་པ་	NOUN
ར་	ལ་	PART
ཐར་པ་	ཐར་པ་	VERB
ས་	གིས་	PART
དགོས་དོན་	དགོས་དོན་	OTHER
སྒྲུབ་པ་	སྒྲུབ་པ་	VERB
འི་	གི་	PART
སྒོ་	སྒོ་	NOUN
དང་	དང་	NO_POS
།		PUNCT
འགོག་པ་	འགོག་པ་	VERB
ཆེན་པོ་	ཆེན་པོ་	ADJ
མཚན་མ་	མཚན་མ་	NOUN
ཆད་པ་	ཆད་པ་	VERB
འི་	གི་	PART
སྒོ་	སྒོ་	NOUN
ལ་སོགས་	ལ་སོགས་	NO_POS
ཀྱིས་	གིས་	PART
ཕྱི་མོ་	ཕྱི་མོ་	NOUN
ར་	ལ་	PART
བྱིན་	བྱིན་	VERB
གྱི་	གི་	PART
བརླབས་	བརླབས་	NO_POS
ཏེ་	སྟེ་	PART
འགྲོ་བ་	འགྲོ་བ་	VERB
ཇི་སྙེད་	ཇི་སྙེད་	OTHER
ལ་	ལ་	PART
གཞུགས་པ་	གཞུགས་པ་	NON_WORD
ར་	ལ་	PART
མཛད་	མཛད་	VERB
དེ་	སྟེ་	PART
།		PUNCT
བསམ་པ་	བསམ་པ་	VERB
དང་	དང་	NO_POS
མཐུན་པ་	མཐུན་པ་	VERB
ར་	ལ་	PART
འཇིག་རྟེན་	འཇིག་རྟེན་	NOUN
ཆེན་པོ་	ཆེན་པོ་	ADJ
འི་	གི་	PART
ཁ་ལོ་	ཁ་ལོ་	NO_POS
རང་དབང་	རང་དབང་	NOUN
དུ་	ལ་	PART
བསྒྱུར་བ་	བསྒྱུར་བ་	VERB
ལ་	ལ་	PART
ནི་	ནི་	NO_POS
སུ་	སུ་	ADP
ས་	གིས་	PART
ཀྱང་	ཀྱང་	PART
མཚན་མ་	མཚན་མ་	NOUN
ར་	ལ་	PART
བཟུང་	བཟུང་	NO_POS
སྟེ་	སྟེ་	PART
གནས་	གནས་	NOUN
ག་	ག་	PRON
གེ་	གེ་	NO_POS
དང་	དང་	NO_POS
།		PUNCT
གང་ཟག་	གང་ཟག་	NOUN
ཆེ་	ཆེ་	VERB
གེ་	གེ་	NO_POS
ལ་	ལ་	PART
ཆོ་	ཆོ་	NOUN
དེ་	སྟེ་	PART
ཀེ་	ཀེ་	PROPN
དང་	དང་	NO_POS
།		PUNCT
རྒྱུད་	རྒྱུད་	NOUN
སྦྱོང་	སྦྱོང་	VERB
ཚུལ་	ཚུལ་	NOUN
ཉེ་	ཉེ་	VERB
གེར་	གེར་	NO_POS
བྱས་པ་	བྱས་པ་	VERB
ལ་སོགས་	ལ་སོགས་	NO_POS
ཕྱོགས་	ཕྱོགས་	NOUN
རེ་བ་	རེ་བ་	VERB
གཅིག་	གཅིག་	NUM
གིས་	གིས་	PART
ནི་	ནི་	NO_POS
དེ་	དེ་	DET
འི་	གི་	PART
ཚད་	ཚད་	NOUN
གཞལ་བ་	གཞལ་བ་	VERB
ར་	ལ་	PART
ཡང་	ཀྱང་	PART
མི་	མི་	PART
བཏུབ་		NON_WORD
ལ་	ལ་	PART
།		PUNCT
དེ་ལྟ་	དེ་ལྟ་	NO_POS
དཔྱད་པ་	དཔྱད་པ་	VERB
ར་	ལ་	PART
བྱ་བ་	བྱ་བ་	VERB
རིག་པ་	རིག་པ་	VERB
མིན་	མིན་	AUX
ཏེ་	སྟེ་	PART
།		PUNCT
གང་	གང་	NO_POS
གི་	གི་	PART
སེམས་ཅན་	སེམས་ཅན་	NOUN
གྱི་	གི་	PART
ཁམས་	ཁམས་	NOUN
མཐའ་ཡས་པ་	མཐའ་ཡས་པ་	ADJ
ལ་	ལ་	PART
གཅིག་	གཅིག་	NUM
ཏུ་	ལ་	PART
སྨན་པ་	སྨན་པ་	NOUN
ཀུན་	ཀུན་	DET
ལ་	ལ་	PART
མི་	མི་	PART
དམན་	དམན་	VERB
ཞིང་	ཅིང་	PART
།		PUNCT
ཀུན་	ཀུན་	DET
ལ་སྨན་པ་	ལ་སྨན་པ་	NO_POS
མཐའ་	མཐའ་	NOUN
གཅིག་	གཅིག་	NUM
ཏུ་	ལ་	PART
ངེས་པ་		
ཡང་	ཀྱང་	PART
མི་སྣང་བ་	མི་སྣང་བ་	NO_POS
ས་	གིས་	PART
།		PUNCT
གང་	གང་	NO_POS
ལ་	ལ་	PART
ལེགས་པ་	ལེགས་པ་	VERB
ར་	ལ་	PART
སྣང་བ་	སྣང་བ་	VERB
འི་	གི་	PART
སྤྱོད་ཚུལ་	སྤྱོད་ཚུལ་	VERB
ཕྱོགས་	ཕྱོགས་	NOUN
རེ་བ་	རེ་བ་	VERB
ཡང་	ཀྱང་	PART
ལེགས་པ་	ལེགས་པ་	VERB
ར་	ལ་	PART
གྲུབ་པ་	གྲུབ་པ་	VERB
འི་	གི་	PART
ངོ་བོ་	ངོ་བོ་	NOUN
ར་	ལ་	PART
ཐེ་ཚོམ་	ཐེ་ཚོམ་	NOUN
དང་	དང་	NO_POS
མ་	མ་	PART
བྲལ་	བྲལ་	VERB
ལ་	ལ་	PART
།		PUNCT
གང་	གང་	NO_POS
མི་	མི་	PART
ལེགས་པ་	ལེགས་པ་	VERB
ར་	ལ་	PART
སྣང་བ་	སྣང་བ་	VERB
འི་	གི་	PART
སྤྱོད་ཚུལ་	སྤྱོད་ཚུལ་	VERB
ཕྱོགས་	ཕྱོགས་	NOUN
རེ་བ་	རེ་བ་	VERB
ཡང་	ཀྱང་	PART
སྤྱོད་ཚུལ་	སྤྱོད་ཚུལ་	VERB
མི་	མི་	PART
ལེགས་པ་	ལེགས་པ་	VERB
འི་	གི་	PART
ངོ་བོ་	ངོ་བོ་	NOUN
ར་	ལ་	PART
ཐེ་ཚོམ་	ཐེ་ཚོམ་	NOUN
དང་	དང་	NO_POS
བྲལ་བ་	བྲལ་བ་	VERB
འི་	གི་	PART
ཕྱི་	ཕྱི་	OTHER
།		PUNCT
ཀུན་	ཀུན་	DET
ཏུ་	ལ་	PART
ཆགས་ཐོགས་	ཆགས་ཐོགས་	NO_POS
མེད་པ་	མེད་པ་	VERB
འི་	གི་	PART
ཡེ་ཤེས་	ཡེ་ཤེས་	NOUN
ཀྱི་	གི་	PART
སྤྱན་	སྤྱན་	NOUN
མི་	མི་	PART
མངའ་བ་	མངའ་བ་	VERB
ཚུ་		
མཐོང་	མཐོང་	VERB
གི་	གི་	PART
བློ་	བློ་	NOUN
དག་	དག་	DET
ནི་	ནི་	NO_POS
གཞལ་བྱ་	གཞལ་བྱ་	NOUN
འཇལ་བྱེད་	འཇལ་བྱེད་	NO_POS
མཚན་ཉིད་པ་	མཚན་ཉིད་པ་	NOUN
མ་ཡིན་པ་	མ་ཡིན་པ་	OTHER
འི་	གི་	PART
ཕྱི་	ཕྱི་	OTHER
།		PUNCT
དབང་	དབང་	NOUN
ཐོབ་པ་	ཐོབ་པ་	VERB
འི་	གི་	PART
སེམས་པ་	སེམས་པ་	VERB
ཆེན་པོ་	ཆེན་པོ་	ADJ
རྣམས་	རྣམས་	DET
ཀྱི་	གི་	PART
གཟུགས་	གཟུགས་	NOUN
དང་	དང་	NO_POS
ཆོ་རིགས་	ཆོ་རིགས་	NOUN
དང་	དང་	NO_POS
འཁོར་	འཁོར་	NOUN
དང་	དང་	NO_POS
ལོངས་སྤྱོད་	ལོངས་སྤྱོད་	NOUN
དང་	དང་	NO_POS
གདུལ་བྱ་	གདུལ་བྱ་	NOUN
དང་	དང་	NO_POS
།		PUNCT
གནས་	གནས་	NOUN
དང་	དང་	NO_POS
ཆོ་	ཆོ་	NOUN
དང་	དང་	NO_POS
བཙུན་མོ་	བཙུན་མོ་	NOUN
དང་	དང་	NO_POS
སྲིད་	སྲིད་	NOUN
ཀྱི་	གི་	PART
ཚུལ་	ཚུལ་	NOUN
དག་	དག་	DET
ཞི་བ་	ཞི་བ་	VERB
དང་	དང་	NO_POS
དྲག་པོ་	དྲག་པོ་	ADJ
ར་	ལ་	PART
སྐྱོང་བ་	སྐྱོང་བ་	VERB
ལ་	ལ་	PART
རབ་ཏུ་	རབ་ཏུ་	NO_POS
བྱུང་བ་	བྱུང་བ་	VERB
ཁོ་ན་	ཁོ་ན་	DET
དང་	དང་	NO_POS
།		PUNCT
ཁྱིམ་པ་	ཁྱིམ་པ་	NOUN
ཁོ་ན་	ཁོ་ན་	DET
དང་	དང་	NO_POS
།		PUNCT
ཁྱིམ་	ཁྱིམ་	NOUN
དུ་	ལ་	PART
གནས་པ་	གནས་པ་	VERB
ཤ་	ཤ་	DET
ཆེ་	ཆེ་	VERB
ལ་	ལ་	PART
རབ་ཏུ་	རབ་ཏུ་	NO_POS
བྱུང་བ་	བྱུང་བ་	VERB
འི་	གི་	PART
ཕྱོགས་	ཕྱོགས་	NOUN
ཅུང་ཟད་	ཅུང་ཟད་	ADV
འདྲེས་པ་	འདྲེས་པ་	VERB
དང་	དང་	NO_POS
།		PUNCT
རབ་ཏུ་	རབ་ཏུ་	NO_POS
བྱུང་བ་	བྱུང་བ་	VERB
ཤ་	ཤ་	DET
ཆེ་	ཆེ་	VERB
ལ་	ལ་	PART
ཁྱིམ་	ཁྱིམ་	NOUN
དུ་	ལ་	PART
གནས་པ་	གནས་པ་	VERB
འི་	གི་	PART
ཕྱོགས་	ཕྱོགས་	NOUN
ཅུང་ཟད་	ཅུང་ཟད་	ADV
འདྲེས་པ་	འདྲེས་པ་	VERB
དང་	དང་	NO_POS
།		PUNCT
ཡང་	ཀྱང་	PART
རབ་ཏུ་	རབ་ཏུ་	NO_POS
བྱུང་བ་	བྱུང་བ་	VERB
དང་	དང་	NO_POS
ཁྱིམ་པ་	ཁྱིམ་པ་	NOUN
འི་	གི་	PART
སྤྱོད་པ་	སྤྱོད་པ་	VERB
འདྲེས་མ་	འདྲེས་མ་	OTHER
ར་	ལ་	PART
ཆ་སྙོམས་	ཆ་སྙོམས་	NO_POS
ཏེ་	སྟེ་	PART
གནས་པ་	གནས་པ་	VERB
ལ་སོགས་	ལ་སོགས་	NO_POS
ཀྱི་	གི་	PART
སྐྱེ་བོ་	སྐྱེ་བོ་	NOUN
གང་	གང་	NO_POS
གིས་	གིས་	PART
ཀྱང་	ཀྱང་	PART
བློ་བསྡུར་	བློ་བསྡུར་	NO_POS
མི་	མི་	PART
བཏུབ་		NON_WORD
ན་	ལ་	PART
།		PUNCT
རྟོག་གེ་	རྟོག་གེ་	NOUN
མི་	མི་	PART
བསྲུན་པ་	བསྲུན་པ་	NO_POS
ཕལ་པ་	ཕལ་པ་	NOUN
འི་	གི་	PART
བློ་	བློ་	NOUN
ས་	གིས་	PART
རིགས་པ་	རིགས་པ་	VERB
དང་	དང་	NO_POS
གཟུ་བོ་	གཟུ་བོ་	NO_POS
ར་	ལ་	PART
དཔྱོད་	དཔྱོད་	VERB
དེ་	སྟེ་	PART
ཞེ་	ཅེས་	PART
ཕྱོགས་	ཕྱོགས་	NOUN
རེ་བ་	རེ་བ་	VERB
འི་	གི་	PART
ཡིད་	ཡིད་	NOUN
ག་	ག་	NOUN
མི་	མི་	PART
འབབ་པ་	འབབ་པ་	VERB
འི་	གི་	PART
གསང་བ་	གསང་བ་	VERB
རྨད་	རྨད་	VERB
དུ་	ལ་	PART
བྱུང་བ་	བྱུང་བ་	VERB
ནི་	ནི་	NO_POS
སངས་རྒྱས་	སངས་རྒྱས་	NOUN
དང་	དང་	NO_POS
བྱང་ཆུབ་	བྱང་ཆུབ་	NOUN
སེམས་དཔའ་	སེམས་དཔའ་	NOUN
ཆེན་པོ་	ཆེན་པོ་	ADJ
རྣམས་	རྣམས་	DET
ཀྱི་	གི་	PART
ཐུན་	ཐུན་	NOUN
མོངས་	མོངས་	VERB
མ་ཡིན་པ་	མ་ཡིན་པ་	OTHER
འི་	གི་	PART
སྤྱོད་ཡུལ་	སྤྱོད་ཡུལ་	NOUN
ཁོ་ན་	ཁོ་ན་	DET
ར་	ལ་	PART
གྲུབ་	གྲུབ་	VERB
ལ་	ལ་	PART
།		PUNCT
མདོར་ན་	མདོར་ན་	NO_POS
མཚུངས་པ་	མཚུངས་པ་	VERB
མེད་པ་	མེད་པ་	VERB
འི་	གི་	PART
རྣལ་འབྱོར་	རྣལ་འབྱོར་	NOUN
གྱི་	གི་	PART
དབང་ཕྱུག་	དབང་ཕྱུག་	NOUN
དེ་ཉིད་	དེ་ཉིད་	NOUN
ནི་	ནི་	NO_POS
།		PUNCT
རྡོ་རྗེ་	རྡོ་རྗེ་	NOUN
འི་	གི་	PART
ལུས་	ལུས་	NOUN
རྣམ་སྨིན་	རྣམ་སྨིན་	NOUN
གྱི་	གི་	PART
ཕུང་པོ་	ཕུང་པོ་	NOUN
སྒྲིབ་	སྒྲིབ་	NOUN
བྲལ་	བྲལ་	VERB
དུ་	ལ་	PART
བྱས་པ་	བྱས་པ་	VERB
འི་	གི་	PART
མཚན་དཔེ་	མཚན་དཔེ་	NOUN
འི་	གི་	PART
གཟི་འོད་	གཟི་འོད་	OTHER
ཅན་	ཅན་	PART
མཐོང་	མཐོང་	VERB
ན་	ལ་	PART
རབ་ཏུ་	རབ་ཏུ་	NO_POS
དགའ་བ་	དགའ་བ་	VERB
འི་	གི་	PART
ས་	ས་	ADP
ལ་	ལ་	PART
གྲུབ་པ་	གྲུབ་པ་	VERB
ར་	ལ་	PART
མཛད་	མཛད་	VERB
ལ་	ལ་	PART
།		PUNCT
གསང་སྔགས་	གསང་སྔགས་	NOUN
བླ་	བླ་	NOUN
ན་	ལ་	PART
མེད་པ་	མེད་པ་	VERB
འི་	གི་	PART
ཕྱག་རྒྱ་	ཕྱག་རྒྱ་	NOUN
འི་	གི་	PART
རྒྱ་	རྒྱ་	VERB
བཅིངས་པ་	བཅིངས་པ་	VERB
འི་	གི་	PART
འགྱུར་	འགྱུར་	VERB
ཁུགས་	ཁུགས་	NO_POS
སྟོང་ཕྲག་	སྟོང་ཕྲག་	OTHER
བརྒྱད་ཅུ་	བརྒྱད་ཅུ་	NO_POS
རྩ་	རྩ་	NUM
བཞི་	བཞི་	NUM
འི་	གི་	PART
གནས་	གནས་	NOUN
དང་	དང་	NO_POS
ཉེ་བ་	ཉེ་བ་	VERB
འི་	གི་	PART
གནས་	གནས་	NOUN
ཀྱི་	གི་	PART
མིང་ཅན་	མིང་ཅན་	NOUN
གྱིས་	གིས་	PART
ས་བཅུ་	ས་བཅུ་	NO_POS
གསུམ་	གསུམ་	NUM
གྱི་	གི་	PART
ཐེམ་སྐས་	ཐེམ་སྐས་	NOUN
ལ་	ལ་	PART
འཛེག་	འཛེག་	VERB
ཏུ་	ལ་	PART
བཅུག་	བཅུག་	VERB
ན་	ནས་	PART
རྣམ་པ་	རྣམ་པ་	NOUN
ར་	ལ་	PART
མི་	མི་	PART
རྟོག་པ་	རྟོག་པ་	VERB
མ་	མ་	PART
ཧཱ་		NON_WORD
མུ་	མུ་	NOUN
དྲ་	དྲ་	NO_POS
ཐུགས་	ཐུགས་	NOUN
ཀྱི་	གི་	PART
ཉིང་ཁུ་	ཉིང་ཁུ་	NOUN
།		PUNCT
རྗེ་བཙུན་	རྗེ་བཙུན་	NOUN
སྒམ་པོ་པ་	སྒམ་པོ་པ་	PROPN
དང་	དང་	NO_POS
།		PUNCT
དཔལ་	དཔལ་	OTHER
ཕག་མོ་	ཕག་མོ་	PROPN
གྲུ་པ་	གྲུ་པ་	PROPN
དང་	དང་	NO_POS
།		PUNCT
རྗེ་	རྗེ་	NO_POS
འཇིག་རྟེན་	འཇིག་རྟེན་	NOUN
གསུམ་	གསུམ་	NUM
གྱི་	གི་	PART
མགོན་པོ་	མགོན་པོ་	NOUN
ལ་སོགས་པ་	ལ་སོགས་པ་	NO_POS
འཁོར་ལོ་	འཁོར་ལོ་	NOUN
འི་	གི་	PART
དབང་ཕྱུག་	དབང་ཕྱུག་	NOUN
རྣམས་	རྣམས་	DET
ཀྱི་	གི་	PART
འོད་གསལ་བ་	འོད་གསལ་བ་	NO_POS
འི་	གི་	PART
རིམ་པ་	རིམ་པ་	NOUN
མ་ལུས་པ་	མ་ལུས་པ་	OTHER
ཆོ་ག་	ཆོ་ག་	NOUN
ཟབ་མོ་	ཟབ་མོ་	ADJ
འི་	གི་	PART
སྒོ་	སྒོ་	NOUN
ན་	ནས་	PART
སྐལ་ལྡན་	སྐལ་ལྡན་	ADJ
གྱི་	གི་	PART
སློབ་མ་	སློབ་མ་	NOUN
ལ་	ལ་	PART
སྐད་ཅིག་	སྐད་ཅིག་	OTHER
སྩལ་བ་	སྩལ་བ་	VERB
ར་	ལ་	PART
མཛད་པ་	མཛད་པ་	VERB
ས་	གིས་	PART
སྒྲུབ་བརྒྱུད་	སྒྲུབ་བརྒྱུད་	NOUN
རིན་པོ་ཆེ་	རིན་པོ་ཆེ་	ADJ
འི་	གི་	PART
སྲོལ་	སྲོལ་	NOUN
མ་	མ་	PART
ཉམས་པ་	ཉམས་པ་	VERB
ར་	ལ་	PART
རྒྱལ་བ་	རྒྱལ་བ་	NOUN
འབྲི་	འབྲི་	VERB
ཁུང་པ་	ཁུང་པ་	NOUN
འི་	གི་	PART
ཆོ་	ཆོ་	NOUN
ཀྱི་	གི་	PART
འཁོར་ལོ་	འཁོར་ལོ་	NOUN
རྩིབས་	རྩིབས་	NOUN
བརྒྱ་	བརྒྱ་	NUM
སྟོང་	སྟོང་	NUM
བསྒྱུར་བ་	བསྒྱུར་བ་	VERB
ར་	ལ་	PART
འགྱུར་བ་	འགྱུར་བ་	VERB
དེ་སྙེད་	དེ་སྙེད་	NO_POS
ཀྱི་	གི་	PART
བསྟན་པ་	བསྟན་པ་	VERB
གསལ་བྱེད་	གསལ་བྱེད་	NOUN
རྩིབས་	རྩིབས་	NOUN
སྟོང་པ་	སྟོང་པ་	VERB
ཅན་	ཅན་	PART
།		PUNCT
གདུང་རབས་	གདུང་རབས་	NOUN
དྲི་བྲལ་	དྲི་བྲལ་	NO_POS
གསེར་	གསེར་	NOUN
གྱི་	གི་	PART
མུ་ཁྱུད་	མུ་ཁྱུད་	NOUN
འགྱུར་བ་	འགྱུར་བ་	VERB
མེད་པ་	མེད་པ་	VERB
འཁོར་མ་	འཁོར་མ་	NO_POS
ར་	ལ་	PART
འབྱུང་བ་	འབྱུང་བ་	VERB
འི་	གི་	PART
རྟོགས་ལྡན་	རྟོགས་ལྡན་	OTHER
རྣལ་འབྱོར་	རྣལ་འབྱོར་	NOUN
གྱི་	གི་	PART
དབང་ཕྱུག་	དབང་ཕྱུག་	NOUN
བར་མ་	བར་མ་	ADJ
ཆད་	ཆད་	VERB
དུ་	ལ་	PART
བྱོན་པ་	བྱོན་པ་	VERB
འི་	གི་	PART
རྒྱལ་	རྒྱལ་	VERB
ཐབས་	ཐབས་	NOUN
བླ་	བླ་	NOUN
ན་	ལ་	PART
མེད་པ་	མེད་པ་	VERB
ར་	ལ་	PART
སྐྱོང་བ་	སྐྱོང་བ་	VERB
ལ་	ལ་	PART
རྗེ་	རྗེ་	NO_POS
འདི་པ་	འདི་པ་	PRON
ལྟ་བུ་	ལྟ་བུ་	NOUN
ནི་	ནི་	NO_POS
དུས་གསུམ་	དུས་གསུམ་	OTHER
དུ་	ལ་	PART
འབྱུང་བ་	འབྱུང་བ་	VERB
ར་	ལ་	PART
དཀ་	དཀའ་	VERB
འོ་	གོ་	PART
ཞེ་	ཅེས་	PART
སྲིད་པ་	སྲིད་པ་	VERB
དང་	དང་	NO_POS
ཞི་བ་	ཞི་བ་	VERB
ན་	ལ་	PART
གནས་པ་	གནས་པ་	VERB
འི་	གི་	PART
རྒྱུད་	རྒྱུད་	NOUN
ཚོད་	ཚོད་	NOUN
བླ་	བླ་	NOUN
ན་	ལ་	PART
མེད་པ་	མེད་པ་	VERB
ཀུན་	ཀུན་	DET
གྱིས་	གིས་	PART
ཀྱང་	ཀྱང་	PART
གླགས་	གླགས་	VERB
ཅོ་	ཅོ་	NOUN
ར་	ལ་	PART
དུ་	ལ་	PART
སྒྲོགས་པ་	སྒྲོགས་པ་	VERB
གང་ཡིན་པ་	གང་ཡིན་པ་	NO_POS
དེ་	སྟེ་	PART
ནི་	ནི་	NO_POS
།		PUNCT
དགུང་	དགུང་	NOUN
མི་ལོ་	མི་ལོ་	NOUN
ལྔ་	ལྔ་	NUM
བཅུ་	བཅུ་	NUM
ང་	ང་	PRON
གསུམ་	གསུམ་	NUM
གྱི་	གི་	PART
བ་	བ་	NOUN
དུ་	ལ་	PART
མཆོག་	མཆོག་	ADJ
གི་	གི་	PART
སྤྲུལ་སྐུ་	སྤྲུལ་སྐུ་	NOUN
མཛད་	མཛད་	VERB
དེ་	སྟེ་	PART
།		PUNCT
རང་གཞན་	རང་གཞན་	NOUN
གྱི་	གི་	PART
སྐྱེ་དགུ་	སྐྱེ་དགུ་	NO_POS
དཔག་	དཔག་	VERB
ཏུ་	ལ་	PART
མེད་པ་	མེད་པ་	VERB
བྱང་ཆུབ་	བྱང་ཆུབ་	NOUN
ཏུ་	ལ་	PART
བསྒྱུར་	བསྒྱུར་	VERB
ཞིང་	ཅིང་	PART
།		PUNCT
བདག་གཞན་	བདག་གཞན་	NOUN
གྱི་	གི་	PART
རྒྱུད་	རྒྱུད་	NOUN
ལ་	ལ་	PART
ཚོགས་	ཚོགས་	NOUN
གཉིས་	གཉིས་	NUM
ཀྱི་	གི་	PART
བསོད་ནམས་	བསོད་ནམས་	NOUN
ཟབ་	ཟབ་	VERB
ཅིང་	ཅིང་	PART
མུ་མེད་པ་	མུ་མེད་པ་	OTHER
རྒྱས་པ་	རྒྱས་པ་	VERB
ར་	ལ་	PART
འདོད་	འདོད་	VERB
དེ་དེ་	དེ་དེ་	NO_POS
འབྲེལ་བ་	འབྲེལ་བ་	VERB
ཐོགས་	ཐོགས་	VERB
ཚད་	ཚད་	NOUN
ལ་	ལ་	PART
ཀུན་	ཀུན་	DET
ན་	ནས་	PART
འབྱུང་བ་	འབྱུང་བ་	VERB
འི་	གི་	PART
ཁོང་གཅོང་	ཁོང་གཅོང་	NO_POS
ཞི་བ་	ཞི་བ་	VERB
འི་	གི་	PART
དཔྱད་	དཔྱད་	VERB
འཇམ་པོ་	འཇམ་པོ་	ADJ
བསྟན་	བསྟན་	VERB
ལ་	ལ་	PART
།		PUNCT
དཀའ་ཐུབ་	དཀའ་ཐུབ་	NOUN
ལྔ་པ་	ལྔ་པ་	NUM
དང་	དང་	NO_POS
ཁྱི་	ཁྱི་	NOUN
དང་བ་	དང་བ་	NOUN
ལང་	ལང་	NO_POS
གི་	གི་	PART
བརྟུལ་ཞུགས་	བརྟུལ་ཞུགས་	NOUN
དང་	དང་	NO_POS
།		PUNCT
ཉེ་	ཉེ་	NUM
རེག་	རེག་	VERB
གི་	གི་	PART
ཆོ་ག་	ཆོ་ག་	NOUN
ལ་	ལ་	PART
རིམ་གྲོ་	རིམ་གྲོ་	NOUN
ར་	ལ་	PART
བགྱིད་	བགྱིད་	NO_POS
ཅིང་	ཅིང་	PART
ཙོག་པུ་	ཙོག་པུ་	NO_POS
ར་	ལ་	PART
འདུག་	འདུག་	VERB
ན་	ནས་	PART
སེམས་	སེམས་	NOUN
ཀྱི་	གི་	PART
ཚེར་མ་	ཚེར་མ་	NOUN
རྣོན་པོ་	རྣོན་པོ་	ADJ
ར་	ལ་	PART
ཕུག་	ཕུག་	NOUN
ན་	ནས་	PART
དྲག་ཤུལ་	དྲག་ཤུལ་	NOUN
གྱི་	གི་	PART
དཔུང་	དཔུང་	NOUN
རྒྱུ་	རྒྱུ་	NOUN
ཐབས་	ཐབས་	NOUN
ཅན་	ཅན་	PART
ལོག་པ་	ལོག་པ་	VERB
འི་	གི་	PART
བསམ་སྦྱོར་	བསམ་སྦྱོར་	NOUN
དེ་དག་	དེ་དག་	OTHER
གི་	གི་	PART
རབ་ཏུ་	རབ་ཏུ་	NO_POS
རྒོལ་བ་	རྒོལ་བ་	VERB
དང་	དང་	NO_POS
།		PUNCT
རང་རང་	རང་རང་	NO_POS
གི་	གི་	PART
སྲོག་	སྲོག་	NOUN
སྔགས་	སྔགས་	NOUN
ཀྱིས་	གིས་	PART
མནའ་	མནའ་	NOUN
འདོ་	འདོ་	VERB
དུ་	ལ་	PART
བཅུག་	བཅུག་	VERB
སྟེ་	སྟེ་	PART
ཕྱི་	ཕྱི་	OTHER
སྤོང་	སྤོང་	VERB
གི་	གི་	PART
ཡིད་	ཡིད་	NOUN
དམ་	གམ་	PART
ལ་	ལ་	PART
འགོད་པ་	འགོད་པ་	VERB
འི་	གི་	PART
མཐུ་ཆེན་པོ་	མཐུ་ཆེན་པོ་	PROPN
མངའ་	མངའ་	VERB
བརྙེས་	བརྙེས་	NO_POS
ཏེ་	སྟེ་	PART
།		PUNCT
ཡེ་ཤེས་	ཡེ་ཤེས་	NOUN
ཀྱི་	གི་	PART
མགོན་པོ་	མགོན་པོ་	NOUN
ཕྱག་	ཕྱག་	NOUN
བཞི་པ་	བཞི་པ་	ADJ
ལྕམ་དྲལ་	ལྕམ་དྲལ་	NOUN
དང་	དང་	NO_POS
།		PUNCT
ཡེ་ཤེས་	ཡེ་ཤེས་	NOUN
ཀྱི་	གི་	PART
མཁའ་འགྲོ་	མཁའ་འགྲོ་	NOUN
མ་	མ་	PART
ཨ་ཕྱི་	ཨ་ཕྱི་	PROPN
ཆོ་	ཆོ་	NOUN
ཀྱི་	གི་	PART
སྒྲོན་མ་	སྒྲོན་མ་	NOUN
ལ་སོགས་པ་	ལ་སོགས་པ་	NO_POS
ཞི་དྲག་	ཞི་དྲག་	OTHER
གི་	གི་	PART
སྐུ་གསུང་ཐུགས་	སྐུ་གསུང་ཐུགས་	NOUN
ཡོན་ཏན་	ཡོན་ཏན་	NOUN
ཕྲིན་ལས་	ཕྲིན་ལས་	NOUN
མཐའ་ཡས་པ་	མཐའ་ཡས་པ་	ADJ
མི་ཟད་	མི་ཟད་	NO_POS
རྒྱན་	རྒྱན་	NOUN
གྱི་	གི་	PART
འཁོར་ལོ་	འཁོར་ལོ་	NOUN
མངའ་བ་	མངའ་བ་	VERB
རྣམས་	རྣམས་	DET
ཀྱང་	ཀྱང་	PART
རྗེ་བཙུན་	རྗེ་བཙུན་	NOUN
འདི་ཉིད་	འདི་ཉིད་	OTHER
ཀྱིས་	གིས་	PART
ཆབ་	ཆབ་	NOUN
ཚིག་	ཚིག་	NOUN
སྙན་	སྙན་	NOUN
གྱི་	གི་	PART
གདུབ་ཀོར་	གདུབ་ཀོར་	NO_POS
དུ་	ལ་	PART
འབྲལ་བ་	འབྲལ་བ་	VERB
མེད་པ་	མེད་པ་	VERB
ར་	ལ་	PART
བཟུང་	བཟུང་	NO_POS
ན་	ནས་	PART
ཇི་སྲིད་	ཇི་སྲིད་	PRON
ནམ་མཁའ་	ནམ་མཁའ་	NOUN
མ་	མ་	PART
ཞིག་	ཅིག་	PART
གི་	གི་	PART
བ་	བ་	NOUN
རྒྱལ་བ་	རྒྱལ་བ་	NOUN
འབྲི་	འབྲི་	VERB
ཁུང་པ་	ཁུང་པ་	NOUN
འི་	གི་	PART
བསྟན་པ་	བསྟན་པ་	VERB
ལྷ་	ལྷ་	NOUN
དང་	དང་	NO_POS
བླ་མ་	བླ་མ་	NOUN
ཡིད་	ཡིད་	NOUN
དམ་	གམ་	PART
དཔའ་བོ་	དཔའ་བོ་	NOUN
མཁའ་འགྲོ་	མཁའ་འགྲོ་	NOUN
ཆོས་སྐྱོང་	ཆོས་སྐྱོང་	NOUN
སྲུང་མ་	སྲུང་མ་	NOUN
དཀོན་མཆོག་	དཀོན་མཆོག་	NOUN
རྒྱ་མཚོ་	རྒྱ་མཚོ་	NOUN
འི་	གི་	PART
བྱིན་	བྱིན་	VERB
བརླབས་	བརླབས་	NO_POS
ལས་མི་	ལས་མི་	NOUN
ཉམས་པ་	ཉམས་པ་	VERB
ར་	ལ་	PART
ཡོད་པ་	ཡོད་པ་	VERB
འདི་	འདི་	DET
ནི་	ནི་	NO_POS
སྐྱོབ་པ་	སྐྱོབ་པ་	VERB
ཀུན་དགའ་	ཀུན་དགའ་	PROPN
རིན་ཆེན་	རིན་ཆེན་	OTHER
གྱི་	གི་	PART
བཀའ་དྲིན་	བཀའ་དྲིན་	NOUN
ལགས་པ་	ལགས་པ་	AUX
ས་	གིས་	PART
།		PUNCT
རྣམ་པ་	རྣམ་པ་	NOUN
ར་	ལ་	PART
ཐར་པ་	ཐར་པ་	VERB
འདི་	འདི་	DET
ནི་	ནི་	NO_POS
ཆེ་	ཆེ་	VERB
ཆེ་བ་	ཆེ་བ་	VERB
ལགས་སོ་	ལགས་སོ་	NO_POS
། །		PUNCT
དེ་ལྟ་	དེ་ལྟ་	NO_POS
བུ་	བུ་	NOUN
འི་	གི་	PART
སེམས་དཔའ་	སེམས་དཔའ་	NOUN
ཆེན་པོ་	ཆེན་པོ་	ADJ
དེ་ཉིད་	དེ་ཉིད་	NOUN
ཀྱང་	ཀྱང་	PART
མཁའ་ཁྱབ་	མཁའ་ཁྱབ་	NOUN
ཀྱི་	གི་	PART
འགོག་པ་	འགོག་པ་	VERB
ཆེན་པོ་	ཆེན་པོ་	ADJ
ལ་	ལ་	PART
སྙོམས་པ་		
ཞུགས་	ཞུགས་	VERB
ཏེ་	སྟེ་	PART
།		PUNCT
རང་དོན་	རང་དོན་	NOUN
དམ་པ་	དམ་པ་	VERB
ཆོ་	ཆོ་	NOUN
ཀྱི་	གི་	PART
སྐུ་	སྐུ་	NOUN
དང་	དང་	NO_POS
གཞན་དོན་	གཞན་དོན་	NOUN
དམ་པ་	དམ་པ་	VERB
གཟུགས་	གཟུགས་	NOUN
ཀྱི་	གི་	PART
སྐུ་གཉིས་	སྐུ་གཉིས་	NO_POS
མངོན་སུམ་	མངོན་སུམ་	NOUN
དུ་	ལ་	PART
མཛད་	མཛད་	VERB
ན་	ནས་	PART
སྐུ་གདུང་	སྐུ་གདུང་	NOUN
གཞལ་	གཞལ་	VERB
དུ་	ལ་	PART
མེད་པ་	མེད་པ་	VERB
འི་	གི་	PART
ནོར་བུ་	ནོར་བུ་	NOUN
རིན་པོ་ཆེ་	རིན་པོ་ཆེ་	ADJ
ནི་	ནི་	NO_POS
རིལ་པོ་	རིལ་པོ་	ADJ
གཅིག་	གཅིག་	NUM
ཏུ་	ལ་	PART
བཞུགས་	བཞུགས་	VERB
སུ་	ལ་	PART
གསོལ་བ་	གསོལ་བ་	VERB
ཡང་	ཀྱང་	PART
།		PUNCT
སྤྱི་		
སྐྱེ་དགུ་	སྐྱེ་དགུ་	NO_POS
ཐམས་ཅད་	ཐམས་ཅད་	DET
ཀྱི་	གི་	PART
ཕན་བདེ་	ཕན་བདེ་	OTHER
འི་	གི་	PART
རྩ་ལག་	རྩ་ལག་	OTHER
ཏུ་	ལ་	PART
གྱུར་པ་	གྱུར་པ་	VERB
དང་	དང་	NO_POS
།		PUNCT
ཁྱད་པར་	ཁྱད་པར་	NOUN
རྒྱལ་བ་	རྒྱལ་བ་	NOUN
འབྲི་	འབྲི་	VERB
ཁུང་པ་	ཁུང་པ་	NOUN
འི་	གི་	PART
བསྟན་པ་	བསྟན་པ་	VERB
ལ་	ལ་	PART
ཞུགས་	ཞུགས་	VERB
སོ་	གོ་	PART
འཚལ་	འཚལ་	VERB
གྱིས་	གིས་	PART
ཚོགས་	ཚོགས་	NOUN
གཉིས་	གཉིས་	NUM
ཀྱི་	གི་	PART
ཞིང་མཆོག་	ཞིང་མཆོག་	OTHER
ཏུ་	ལ་	PART
གྱུར་པ་	གྱུར་པ་	VERB
འདི་ཉིད་	འདི་ཉིད་	OTHER
ཧྲིལ་པོ་	ཧྲིལ་པོ་	OTHER
ར་	ལ་	PART
མཆོད་སྡོང་	མཆོད་སྡོང་	NOUN
དུ་	ལ་	PART
འཛུགས་	འཛུགས་	NO_POS
རིགས་པ་	རིགས་པ་	VERB
ས་	གིས་	PART
།		PUNCT
སྐལ་བ་	སྐལ་བ་	NOUN
འི་	གི་	PART
ནོར་	ནོར་	NOUN
ཅན་	ཅན་	PART
རྣམས་	རྣམས་	DET
ཞིང་མཆོག་	ཞིང་མཆོག་	OTHER
དམ་པ་	དམ་པ་	VERB
འདི་ཉིད་	འདི་ཉིད་	OTHER
ལ་	ལ་	PART
བསགས་སྦྱང་	བསགས་སྦྱང་	NO_POS
གི་	གི་	PART
ཡུལ་	ཡུལ་	NOUN
དུ་	ལ་	PART
ནན་ཏན་	ནན་ཏན་	NOUN
མཛོད་	མཛོད་	NOUN
ཅེས་	ཅེས་	PART
ཁོ་བོ་	ཁོ་བོ་	PRON
སྨྲ་	སྨྲ་	VERB
འོ་	གོ་	PART
། །		PUNCT
དེ་ལྟ་	དེ་ལྟ་	NO_POS
སྐྱོབ་པ་	སྐྱོབ་པ་	VERB
རིན་པོ་ཆེ་	རིན་པོ་ཆེ་	ADJ
འཇིག་རྟེན་	འཇིག་རྟེན་	NOUN
གསུམ་	གསུམ་	NUM
གྱི་	གི་	PART
མགོན་པོ་	མགོན་པོ་	NOUN
འི་	གི་	PART
བསྟན་པ་	བསྟན་པ་	VERB
ལ་	ལ་	PART
བྱི་དོར་	བྱི་དོར་	NOUN
གྱི་	གི་	PART
ཐེག་པ་	ཐེག་པ་	NOUN
ཆེན་པོ་	ཆེན་པོ་	ADJ
ཀུན་དགའ་	ཀུན་དགའ་	PROPN
རིན་ཆེན་	རིན་ཆེན་	OTHER
གྱི་	གི་	PART
རྣམ་པ་	རྣམ་པ་	NOUN
ར་	ལ་	PART
ཐར་པ་	ཐར་པ་	VERB
འདི་	འདི་	DET
ནི་	ནི་	NO_POS
།		PUNCT
རྗེ་	རྗེ་	NO_POS
དེ་ཉིད་	དེ་ཉིད་	NOUN
ཀྱི་	གི་	PART
དབོན་	དབོན་	NO_POS
སྒོམ་པ་	སྒོམ་པ་	VERB
ཆེན་པོ་	ཆེན་པོ་	ADJ
མགོན་པོ་	མགོན་པོ་	NOUN
རྒྱལ་མཚན་པ་	རྒྱལ་མཚན་པ་	NOUN
ས་	གིས་	PART
བདག་	བདག་	PRON
ཀརྨ་པ་	ཀརྨ་པ་	NO_POS
འི་	གི་	PART
མཚན་	མཚན་	NOUN
གྱི་	གི་	PART
ས་	ས་	ADP
བྱིན་	བྱིན་	VERB
གྱིས་	གིས་	PART
བརླབས་པ་	བརླབས་པ་	VERB
མི་	མི་	PART
བསྐྱོད་	བསྐྱོད་	VERB
རྡོ་རྗེ་	རྡོ་རྗེ་	NOUN
ལ་	ལ་	PART
སྦྱོར་	སྦྱོར་	VERB
དགོས་	དགོས་	VERB
ཞེ་	ཅེས་	PART
གསོལ་བ་	གསོལ་བ་	VERB
བཏབ་པ་	བཏབ་པ་	VERB
འི་	གི་	PART
ངོ་	ངོ་	PART
ར་	ལ་	PART
ལེགས་པ་	ལེགས་པ་	VERB
ར་	ལ་	PART
སྦྱར་བ་	སྦྱར་བ་	VERB
སྟེ་	སྟེ་	PART
།		PUNCT
འདི་ཉིད་	འདི་ཉིད་	OTHER
སྦྱོར་བ་	སྦྱོར་བ་	VERB
འི་	གི་	PART
དུས་	དུས་	NOUN
ནི་	ནི་	NO_POS
རྗེ་	རྗེ་	NO_POS
གོང་མ་	གོང་མ་	ADJ
ཀུན་དག་	ཀུན་དགའ་	PROPN
འི་	གི་	PART
ཞལ་སྔ་	ཞལ་སྔ་	NOUN
ན་	ནས་	PART
ཀྱི་	གི་	PART
གདན་རབས་	གདན་རབས་	NOUN
གཉིས་པ་	གཉིས་པ་	NUM
།		PUNCT
སྤྱི་		
སྐྱུ་	སྐྱུ་	NO_POS
ར་	ར་	ADP
འི་	གི་	PART
གདུང་རབས་	གདུང་རབས་	NOUN
བཅོ་ལྔ་པ་	བཅོ་ལྔ་པ་	NO_POS
རྗེ་བཙུན་	རྗེ་བཙུན་	NOUN
རིན་པོ་ཆེ་	རིན་པོ་ཆེ་	ADJ
རྣམ་པ་	རྣམ་པ་	NOUN
ར་	ལ་	PART
རྒྱལ་བ་	རྒྱལ་བ་	NOUN
ཆོ་	ཆོ་	NOUN
ཀྱི་	གི་	PART
གྲགས་པ་	གྲགས་པ་	VERB
ཤེས་བྱ་	ཤེས་བྱ་	VERB
འི་	གི་	PART
གནས་	གནས་	NOUN
ལ་	ལ་	PART
གསལ་བ་	གསལ་བ་	VERB
ར་	ལ་	PART
ལྟ་བ་	ལྟ་བ་	VERB
འི་	གི་	PART
སྤྱན་སྔ་བ་	སྤྱན་སྔ་བ་	PROPN
དེ་ཉིད་	དེ་ཉིད་	NOUN
དགུང་ལོ་	དགུང་ལོ་	NOUN
ཉི་ཤུ་	ཉི་ཤུ་	NUM
ར་	ལ་	PART
བབ་པ་	བབ་པ་	VERB
ན་	ལ་	PART
སྨོས་པ་	སྨོས་པ་	VERB
ཡིན་	ཡིན་	NO_POS
ལ་	ལ་	PART
།		PUNCT
སྤྱན་སྔ་	སྤྱན་སྔ་	PROPN
དེ་	སྟེ་	PART
ལ་	ལ་	PART
ཡང་	ཀྱང་	PART
ཆེ་བ་	ཆེ་བ་	VERB
འི་	གི་	PART
ཡོན་ཏན་	ཡོན་ཏན་	NOUN
ཇི་ལྟ་བུ་	ཇི་ལྟ་བུ་	NO_POS
མངའ་	མངའ་	VERB
ན་	ལ་	PART
།		PUNCT
མཚན་	མཚན་	NOUN
དང་	དང་	NO_POS
དཔེ་བྱད་	དཔེ་བྱད་	NOUN
ཕུན་སུམ་	ཕུན་སུམ་	OTHER
ཚོགས་པ་	ཚོགས་པ་	VERB
།		PUNCT
གསུང་	གསུང་	VERB
གྲོང་ཁྱེར་བ་	གྲོང་ཁྱེར་བ་	NOUN
སྨྲ་བ་	སྨྲ་བ་	VERB
འི་	གི་	PART
སྐད་	སྐད་	NOUN
དུ་	ལ་	PART
མི་སྨྲ་བ་	མི་སྨྲ་བ་	NO_POS
བསྟན་བཅོས་	བསྟན་བཅོས་	NOUN
ཀྱི་	གི་	PART
གྲགས་པ་	གྲགས་པ་	VERB
ལྟ་	ལྟ་	OTHER
བརྗོད་	བརྗོད་	VERB
ཅིང་	ཅིང་	PART
།		PUNCT
ཐུགས་	ཐུགས་	NOUN
སྙིང་རྗེ་	སྙིང་རྗེ་	NOUN
ཆེན་པོ་	ཆེན་པོ་	ADJ
འི་	གི་	PART
རང་བཞིན་	རང་བཞིན་	NOUN
ཅན་	ཅན་	PART
འཁོན་	འཁོན་	VERB
དུ་	ལ་	PART
འཛིན་པ་	འཛིན་པ་	VERB
དང་	དང་	NO_POS
།		PUNCT
ཡོ་བྱད་	ཡོ་བྱད་	NOUN
ལ་	ལ་	PART
ཆགས་པ་	ཆགས་པ་	VERB
བྲལ་བ་	བྲལ་བ་	VERB
།		PUNCT
ང་རྒྱལ་	ང་རྒྱལ་	NOUN
ཞིང་	ཅིང་	PART
མཐོན་པོ་	མཐོན་པོ་	ADJ
འི་	གི་	PART
སྙེམས་པ་	སྙེམས་པ་	NO_POS
ས་	གིས་	PART
དབེན་པ་	དབེན་པ་	VERB
།		PUNCT
རྒྱལ་སྲིད་	རྒྱལ་སྲིད་	NOUN
དང་	དང་	NO_POS
མངའ་ཐང་	མངའ་ཐང་	NOUN
གི་	གི་	PART
འབྱོར་པ་	འབྱོར་པ་	NOUN
ལ་	ལ་	PART
ཐུགས་	ཐུགས་	NOUN
ངེས་པ་		
འབྱུང་	འབྱུང་	VERB
ན་	ནས་	PART
གཅིག་	གཅིག་	NUM
ཏུ་	ལ་	PART
དབེན་པ་	དབེན་པ་	VERB
ལ་	ལ་	PART
གཞོལ་བ་	གཞོལ་བ་	VERB
།		PUNCT
འགྲན་	འགྲན་	NO_POS
མཐོ་	མཐོ་	VERB
ར་	ལ་	PART
དང་	དང་	NO_POS
རྩུབ་མོ་	རྩུབ་མོ་	ADJ
འི་	གི་	PART
ཚིག་	ཚིག་	NOUN
སྤངས་	སྤངས་	VERB
ཏེ་	སྟེ་	PART
བརྣབ་སེམས་	བརྣབ་སེམས་	NOUN
དང་	དང་	NO_POS
གཞན་རྒྱུད་	གཞན་རྒྱུད་	NO_POS
ཀྱི་	གི་	PART
ཉེས་པ་	ཉེས་པ་	VERB
ལ་མ་	ལ་མ་	NO_POS
གཟིགས་པ་	གཟིགས་པ་	VERB
།		PUNCT
རང་བཞིན་	རང་བཞིན་	NOUN
གྱི་	གི་	PART
མཛའ་བ་	མཛའ་བ་	VERB
བརྟན་པ་	བརྟན་པ་	VERB
།		PUNCT
སྐྱེ་བོ་	སྐྱེ་བོ་	NOUN
དམན་པ་	དམན་པ་	VERB
ས་	གིས་	PART
གཤེ་	གཤེ་	NO_POS
སྐུ་	སྐུ་	NOUN
གྱི་	གི་	PART
ཡ་གད་	ཡ་གད་	NO_POS
དུ་	ལ་	PART
བྱ་	བྱ་	VERB
ཀྱང་	ཀྱང་	PART
བཞིན་	བཞིན་	NOUN
མི་	མི་	PART
འགྱུར་	འགྱུར་	VERB
ཞིང་	ཅིང་	PART
འཚེ་བ་	འཚེ་བ་	VERB
འི་	གི་	PART
སེམས་	སེམས་	NOUN
མི་	མི་	PART
འཆར་	འཆར་	NO_POS
ལ་	ལ་	PART
།		PUNCT
གཡོ་	གཡོ་	VERB
དང་	དང་	NO_POS
སྒྱུ་	སྒྱུ་	NOUN
ཡི་	གིས་	PART
སྐྱེ་བོ་	སྐྱེ་བོ་	NOUN
བསླུ་བ་	བསླུ་བ་	VERB
འི་	གི་	PART
ངག་	ངག་	NOUN
ཆོད་པ་	ཆོད་པ་	VERB
།		PUNCT
མཆོད་པ་	མཆོད་པ་	VERB
ར་	ལ་	PART
འོས་པ་	འོས་པ་	VERB
ལ་	ལ་	PART
གོང་མ་	གོང་མ་	ADJ
ར་	ལ་	PART
འཛིན་	འཛིན་	VERB
ཅིང་	ཅིང་	PART
བཤེས་	བཤེས་	VERB
སུ་	ལ་	PART
བཟུང་བ་	བཟུང་བ་	VERB
ལ་ཁ་	ལ་ཁ་	NOUN
ན་མ་	ན་མ་	PROPN
ཐོ་བ་	ཐོ་བ་	VERB
མེད་པ་	མེད་པ་	VERB
ས་	གིས་	PART
ཕན་	ཕན་	NOUN
འདོགས་པ་	འདོགས་པ་	VERB
།		PUNCT
དམན་པ་	དམན་པ་	VERB
འི་	གི་	PART
ས་པ་	ས་པ་	NOUN
ལ་	ལ་	PART
ཁྱད་གསོད་	ཁྱད་གསོད་	NO_POS
ཀྱིས་	གིས་	PART
ཡིད་	ཡིད་	NOUN
མི་	མི་	PART
འབེབས་པ་	འབེབས་པ་	VERB
།		PUNCT
དགྲ་	དགྲ་	NOUN
ར་	ལ་	PART
འཛིན་པ་	འཛིན་པ་	VERB
ལ་	ལ་	ADP
འང་	ཀྱང་	PART
ཐུགས་	ཐུགས་	NOUN
ཀུན་	ཀུན་	DET
ཏུ་	ལ་	PART
སྙོམས་པ་	སྙོམས་པ་	VERB
སྟེ་	སྟེ་	PART
།		PUNCT
སྐྱེས་བུ་	སྐྱེས་བུ་	NOUN
ཆེན་པོ་	ཆེན་པོ་	ADJ
འི་	གི་	PART
རྣམ་པ་	རྣམ་པ་	NOUN
ར་	ལ་	PART
ཐར་པ་	ཐར་པ་	VERB
བློ་	བློ་	NOUN
ས་	གིས་	PART
གཞལ་བ་	གཞལ་བ་	VERB
དཀའ་བ་	དཀའ་བ་	VERB
ར་	ལ་	PART
སྣང་ངོ་	སྣང་ངོ་	NOUN
། །		PUNCT
འདི་	འདི་	DET
ར་	ལ་	PART
འབད་	འབད་	VERB
དགེ་བ་	དགེ་བ་	VERB
ས་	གིས་	PART
འགྲོ་བ་	འགྲོ་བ་	VERB
ཐམས་ཅད་	ཐམས་ཅད་	DET
སྐྱོབ་པ་	སྐྱོབ་པ་	VERB
འཇིག་རྟེན་	འཇིག་རྟེན་	NOUN
གསུམ་	གསུམ་	NUM
གྱི་	གི་	PART
མགོན་པོ་	མགོན་པོ་	NOUN
འབྲི་	འབྲི་	VERB
ཁུང་པ་	ཁུང་པ་	NOUN
འི་	གི་	PART
གོ་འཕང་	གོ་འཕང་	NOUN
ཐོབ་པ་	ཐོབ་པ་	VERB
ར་	ལ་	PART
གྱུར་ཅིག་	གྱུར་ཅིག་	NO_POS
། །།		PUNCT
མངྒ་		NON_WORD
ལཾ་		NON_WORD
།		PUNCT
